名称,阶级,价值,名称_EN,简介,简介_EN,标签,分类,类型,职业,图纸集,icon,堆叠,矿石,木材,皮革,药草,零件,精华,冷却,属性
文本,整数,整数,文本,文本,文本,文本,文本,文本,文本,文本,图片,整数,浮点,浮点,浮点,浮点,浮点,浮点,浮点,字典
标准盾,3,190,Standard Shield,标准的一面盾,A standard shield,装备,护甲,盾牌,战士,标准骑士,res://素材/像素/标准盾.png,100,10,40,0,0,10,2,30,
标准头盔,3,170,Standard Helmet,标准的一个头盔,A standard helmet,装备,护甲,头盔,战士,标准骑士,res://素材/像素/标准头盔.png,100,25,0,5,0,10,2,30,
标准重甲,3,187,Standard Heavy Armor,标准的一副铠甲,A standard set of heavy armor,装备,护甲,重甲,战士,标准骑士,res://素材/像素/标准铠甲.png,100,40,0,7,0,10,2,30,
标准腿甲,3,180,Standard Leg Armor,标准的一副腿甲,A standard pair of leg armor,装备,护甲,腿甲,战士,标准骑士,res://素材/像素/标准腿甲.png,100,35,0,5,0,10,2,30,
标准鞋子,3,165,Standard Boots,标准的一双战靴,A standard pair of battle boots,装备,护甲,鞋子,战士,标准骑士,res://素材/像素/标准战靴.png,100,20,0,5,0,10,2,30,
标准剑,3,140,Standard Sword,标准的一把剑,A standard sword,装备,武器,长剑,战士,标准骑士,res://素材/像素/标准剑.png,100,15,5,0,0,10,1,30,
青铜剑,4,162,Bronze Sword,在标准剑基础上修改材质,Material modified based on the standard sword,装备,武器,长剑,战士,装备,res://素材/游戏素材/像素武器包/青铜剑.png,100,17,5,0,0,10,2,30,
铁剑,5,135,Iron Sword,材质为铁的一把标准剑,A standard sword made of iron,装备,武器,长剑,战士,装备,res://素材/游戏素材/像素武器包/铁剑.png,100,20,5,0,0,5,3,60,
墨羽笔杖,2,125,Ink Feather Staff,"具象化简单创意,勾勒世界的轮廓",Materializes simple ideas and outlines the contours of the world,装备/工具,工具,手杖,,装备,res://素材/豆包AI素材/装备/*,100,0,25,0,0,8,1,30,
绘世杖,5,225,World Painting Staff,"具象化简单创意,提升构建世界的丰富度",Materializes simple ideas and enhances the richness of world-building,装备/工具,工具,手杖,,装备,res://素材/豆包AI素材/装备/*,100,0,25,0,0,10,5,30,
炼金台,1,85,Alchemy Station,新手炼金师的必备入门器具,Essential beginner tool for novice alchemists,装备/工具,工具,炼金台,,装备,res://素材/豆包AI素材/炼金台.png,100,25,0,0,0,6,0,30,
熔金埚,2,125,Gold Melting Crucible,新手炼金师的工具的升级款,Upgraded version of the novice alchemist's tool,装备/工具,工具,炼金台,,装备,res://素材/豆包AI素材/装备/*,100,25,0,0,0,8,1,30,
聚灵埚,5,225,Spirit Gathering Crucible,学徒炼金师的必备的工具,Essential tool for apprentice alchemists,装备/工具,工具,炼金台,,装备,res://素材/豆包AI素材/装备/*,100,25,0,0,0,10,5,30,
铁锅,1,85,Iron Wok,最简单的烹饪工具,The simplest cooking tool,装备/工具,工具,炼金台,,装备,res://素材/豆包AI素材/图标/铁锅.png,100,25,0,0,0,6,0,30,
素铁套,2,125,Plain Iron Set,"工具简易处理,能提升食材切配效率",Simply processed tools that improve ingredient cutting efficiency,装备/工具,工具,厨具,,装备,res://素材/豆包AI素材/装备/*,100,25,0,0,0,8,1,30,
巧厨套,5,225,Cooking Master Set,"锅铲与刀具均以赤铜锻造,能提升食材切配效率","Spatula and knives forged from red copper, enhancing ingredient cutting efficiency",装备/工具,工具,厨具,,装备,res://素材/豆包AI素材/装备/*,100,25,0,0,0,10,5,30,
随机礼盒,1,400,Random Gift Box,"基础款随机礼盒,在线一段时间后可以开启,获得随机奖励,每天最多开启5个",Basic random gift box. Can be opened after being online for a period to get random rewards. Max 5 openings per day.,礼盒,道具,礼盒,,特殊,res://素材/游戏素材/货币/29.png,1000,0,0,0,0,40,0,50,"{""使用"":""礼盒"",""礼盒"":[[""金币"",1,200,1000,50],[[""礼盒""],1,1,5,1],[[""贵重""],2,20,160,10]],""礼盒类型"":""挂机""}"
炼金礼盒,1,400,Alchemy Gift Box,"炼金材料的随机礼盒,在线一段时间后可以开启,获得随机奖励,每天最多开启5个",Random gift box for alchemy materials. Can be opened after being online for a period to get random rewards. Max 5 openings per day.,礼盒,道具,礼盒,,非图纸,res://素材/游戏素材/货币/29.png,1000,0,0,0,0,40,0,50,"{""使用"":""礼盒"",""礼盒"":[[""金币"",1,200,1000,50],[[""炼金""],5,20,60,10],[[""炼金"",""催化""],2,5,20,2]],""礼盒类型"":""手工""}"
符文礼盒,1,400,Rune Gift Box,"符文的随机礼盒,在线一段时间后可以开启,获得随机奖励,每天最多开启5个",Random gift box for runes. Can be opened after being online for a period to get random rewards. Max 5 openings per day.,礼盒,道具,礼盒,,非图纸,res://素材/游戏素材/货币/29.png,1000,0,0,0,0,40,0,50,"{""使用"":""礼盒"",""礼盒"":[[""金币"",1,200,1000,50],[[""符文""],2,5,15,2],[[""资源""],4,10,40,5]],""礼盒类型"":""手工""}"
绿色电路板,1,1000,Green Circuit Board,"这是一个绿色的电路板,用于解锁任务",A green circuit board used to unlock quests.,贵重,材料,,,非图纸,res://素材/游戏素材/像素半成品/Icon14_32.png,2000,,,,,,,,
蓝图纸,1,1000,Blueprint Sheet,"在合成 抽奖机界面研究消耗材料,可以通过任务,成就,随身商店等方式获得.","Consumable for research in the Crafting & Gacha interface. Obtainable via quests, achievements, portable shop, etc.",贵重,材料,,,非图纸,res://素材/选用素材/卷轴/scroll-blue.png,16000,,,,,,,,
黄图纸,1,1000,Yellow Blueprint,"在合成 蓝图库界面,对蓝图进行升星消耗材料",Consumable for star-upgrading blueprints in the Crafting & Blueprint Library interface.,贵重,材料,,,非图纸,res://素材/选用素材/卷轴/scroll-yellow.png,16000,,,,,,,,
金币,0,1,Gold,"一枚放在包里的金币,只有在钱包里的金币才能被统计",A gold coin kept in the bag. Only coins in the wallet are counted.,物资,货币,,,点金,res://素材/游戏素材/货币/2.png,1000000000000000000,1,0,0,0,0,0,10,"{""使用"":""金币""}"
体力,0,1,Stamina,"被具现化的体力,可以转化为1点体力",Materialized Stamina. Can be converted into 1 Stamina point.,代币/物资,体力,,,非图纸,res://素材/游戏素材/食品包/体力蛋糕.png,1000000000000000000,,,,,,,,"{""使用"":""体力""}"
挂机精通代币,0,1,AFK Mastery Token,使用后获得挂机系统当前精通池上限1%的精通池,Grants 1% of the current mastery pool cap for the AFK System upon use.,代币/物资,精通代币,,,非图纸,res://素材/豆包AI素材/图标/挂机.png,2000,,,,,,,,"{""使用"":""精通代币"",""系统"":""挂机""}"
木料精通代币,0,1,Lumber Mastery Token,使用后获得木料系统当前精通池上限1%的精通池,Grants 1% of the current mastery pool cap for the Lumber System upon use.,代币,精通代币,,,非图纸,res://素材/自制/图标/未知图片.png,2000,,,,,,,,
矿城精通代币,0,1,Mining City Mastery Token,使用后获得矿城系统当前精通池上限1%的精通池,Grants 1% of the current mastery pool cap for the Mining City System upon use.,代币,精通代币,,,非图纸,res://素材/自制/图标/未知图片.png,2000,,,,,,,,
手工精通代币,0,1,Crafting Mastery Token,使用后获得手工系统当前精通池上限1%的精通池,Grants 1% of the current mastery pool cap for the Crafting System upon use.,代币/物资,精通代币,,,非图纸,res://素材/豆包AI素材/图标/手工.png,2000,,,,,,,,"{""使用"":""精通代币"",""系统"":""手工""}"
游历精通代币,0,1,Wandering Mastery Token,使用后获得游历系统当前精通池上限1%的精通池,Grants 1% of the current mastery pool cap for the Wandering System upon use.,代币,精通代币,,,非图纸,res://素材/自制/图标/未知图片.png,2000,,,,,,,,
职业精通代币,0,1,Profession Mastery Token,使用后获得职业系统当前精通池上限1%的精通池,Grants 1% of the current mastery pool cap for the Profession System upon use.,代币,精通代币,,,非图纸,res://素材/自制/图标/未知图片.png,2000,,,,,,,,
召唤精通代币,0,1,Summoning Mastery Token,使用后获得召唤系统当前精通池上限1%的精通池,Grants 1% of the current mastery pool cap for the Summoning System upon use.,代币,精通代币,,,非图纸,res://素材/自制/图标/未知图片.png,2000,,,,,,,,
催化剂代币,0,1,Catalyst Token,"提交炼金材料订单获得,可以在炼金玩法界面兑换指定主线催化剂",Obtained by submitting alchemy material orders. Exchange for specified main story catalysts in the Alchemy interface.,代币,交易代币,,,非图纸,res://素材/豆包AI素材/图标/炼金.png,2000,,,,,,,,
烹饪代币,0,1,Cooking Token,"烹饪玩法的代币,可以在烹饪界面解锁菜谱.",Token for Cooking gameplay. Unlock recipes in the Cooking interface.,代币,交易代币,,,非图纸,res://素材/豆包AI素材/图标/烹饪图标.png,2000,,,,,,,,
资源回复代币,0,1,Resource Recovery Token,在合成界面增加资源自动回复数量,Increases automatic resource recovery amount in the Crafting interface.,代币,交易代币,,,非图纸,res://素材/游戏素材/货币/资源回复.png,2000,,,,,,,,
贤者点数,0,1,Sage Points,从炼金中总结的力量.可以逆转炼金结果.,Power distilled from alchemy. Can reverse alchemy results.,点数,点数/资源,,,非图纸,res://素材/豆包AI素材/点数/贤者点数.png,2000,,,,,,,,"{""使用"":""资源""}"
贤者之石,0,1,Philosopher's Stone,"炼金的终极目标,自动产生贤者点数.",The ultimate goal of alchemy. Automatically generates Sage Points.,点数/代币,点数,,,非图纸,res://素材/豆包AI素材/点数/贤者之石.png,2000,,,,,,,,
铁锭,1,50,Iron Ingot,T1到T5装备的升级材料,Upgrade material for T1 to T5 equipment,材料,材料,基础素材,战士,基础素材,res://素材/游戏素材/金属矿包/Icon31_15.png,2000,20,0,0,0,3,0,10,"{""蓝图"":200}"
纤维,1,50,Fiber,T1到T5装备的升级材料,Upgrade material for T1 to T5 equipment,材料,材料,基础素材,法师,基础素材,res://素材/游戏素材/猎奇材料包/1.png,2000,0,20,0,0,3,0,10,"{""蓝图"":200}"
鞣革,1,50,Tanned Leather,T1到T5装备的升级材料,Upgrade material for T1 to T5 equipment,材料,材料,基础素材,射手,基础素材,res://素材/游戏素材/动物材料/19.png,2000,0,0,20,0,3,0,10,"{""蓝图"":200}"
麻布,1,50,Linen Cloth,T1到T5装备的升级材料,Upgrade material for T1 to T5 equipment,材料,材料,基础素材,,基础素材,res://素材/豆包AI素材/基础材料/*,2000,0,0,0,20,3,0,10,"{""蓝图"":200}"
火符文,1,170,Fire Rune,赤红火纹缠绕符身，触之有跃动光粒，随气息明灭闪烁。,"Crimson fire patterns wrap around the talisman, with glowing particles that flicker with breath.",符文/收藏品,材料,符文,,符文,res://素材/全息图片AI素材/元素/火.png,1000,100,0,0,0,5,1,25,"{""蓝图"":200}"
水符文,1,170,Water Rune,淡蓝符面柔波流转，指尖轻触便漾开细碎水光。,Pale blue talisman surface with gentle waves; fine water ripples spread at a touch.,符文/收藏品,材料,符文,,符文,res://素材/全息图片AI素材/元素/水.png,1000,0,50,0,50,5,1,25,"{""蓝图"":200}"
冰符文,1,170,Ice Rune,莹白霜晶凝于符上，周身萦绕冷辉，触之生微凉。,"Glowing white frost crystals form on the talisman, surrounded by cold radiance, cool to the touch.",符文/收藏品,材料,符文,,符文,res://素材/全息图片AI素材/元素/冰.png,1000,0,40,0,60,5,1,25,"{""蓝图"":200}"
草符文,1,170,Grass Rune,青绿纹路如蔓藤舒展，符边缀着若隐若现的细小花影。,"Teal patterns stretch like vines, with faint tiny flower shadows along the edges.",符文/收藏品,材料,符文,,符文,res://素材/全息图片AI素材/元素/草.png,1000,0,0,0,100,5,1,25,"{""蓝图"":200}"
雷符文,1,170,Lightning Rune,深紫符身有紫电交织，稍动便迸裂出细碎星芒。,Deep purple talisman woven with purple lightning; slight movement sparks fine starlight.,符文/收藏品,材料,符文,,符文,res://素材/全息图片AI素材/元素/雷.png,1000,50,50,0,0,5,1,25,"{""蓝图"":200}"
土符文,1,170,Earth Rune,棕黄符面似岩层肌理，静置时会泛出细微的土色光点。,Brown-yellow talisman surface like rock texture; emits faint earth-colored sparkles when still.,符文/收藏品,材料,符文,,符文,res://素材/全息图片AI素材/元素/土.png,1000,50,0,50,0,5,1,25,"{""蓝图"":200}"
风符文,1,170,Wind Rune,浅青符身裹着轻旋气流，晃动时似有无形风团环绕。,Pale cyan talisman wrapped in swirling air; invisible wind clusters surround it when shaken.,符文/收藏品,材料,符文,,符文,res://素材/全息图片AI素材/元素/风.png,1000,0,0,100,0,5,1,25,"{""蓝图"":200}"
火宝石,5,200,Fire Gem,"使用符文来附魔宝石,获得属性",Enchant gems with runes to gain attributes,宝石,材料,宝石,,符文,res://素材/豆包AI素材/宝石/*,1000,,,,,,,,"{""元素"":""火""}"
水宝石,5,200,Water Gem,"使用符文来附魔宝石,获得属性",Enchant gems with runes to gain attributes,宝石,材料,宝石,,符文,res://素材/豆包AI素材/宝石/*,1000,,,,,,,,"{""元素"":""水""}"
冰宝石,5,200,Ice Gem,"使用符文来附魔宝石,获得属性",Enchant gems with runes to gain attributes,宝石,材料,宝石,,符文,res://素材/豆包AI素材/宝石/*,1000,,,,,,,,"{""元素"":""冰""}"
草宝石,5,200,Grass Gem,"使用符文来附魔宝石,获得属性",Enchant gems with runes to gain attributes,宝石,材料,宝石,,符文,res://素材/豆包AI素材/宝石/*,1000,,,,,,,,"{""元素"":""草""}"
雷宝石,5,200,Lightning Gem,"使用符文来附魔宝石,获得属性",Enchant gems with runes to gain attributes,宝石,材料,宝石,,符文,res://素材/豆包AI素材/宝石/*,1000,,,,,,,,"{""元素"":""雷""}"
土宝石,5,200,Earth Gem,"使用符文来附魔宝石,获得属性",Enchant gems with runes to gain attributes,宝石,材料,宝石,,符文,res://素材/豆包AI素材/宝石/*,1000,,,,,,,,"{""元素"":""土""}"
风宝石,5,200,Wind Gem,"使用符文来附魔宝石,获得属性",Enchant gems with runes to gain attributes,宝石,材料,宝石,,符文,res://素材/豆包AI素材/宝石/*,1000,,,,,,,,"{""元素"":""风""}"
矿石,0,1,Ore,"合成蓝图物品的物质,即使在背包里也可以被使用",Material for crafting blueprint items. Usable even in inventory.,资源/物资,资源,,,非图纸,res://素材/游戏素材/货币/13.png,2000,1,,,,,,,"{""使用"":""资源""}"
木材,0,1,Wood,"合成蓝图物品的物质,即使在背包里也可以被使用",Material for crafting blueprint items. Usable even in inventory.,资源/物资,资源,,,非图纸,res://素材/游戏素材/货币/36.png,2000,,1,,,,,,"{""使用"":""资源""}"
皮革,0,1,Leather,"合成蓝图物品的物质,即使在背包里也可以被使用",Material for crafting blueprint items. Usable even in inventory.,资源/物资,资源,,,非图纸,res://素材/游戏素材/货币/16.png,2000,,,1,,,,,"{""使用"":""资源""}"
药草,0,1,Herb,"合成蓝图物品的物质,即使在背包里也可以被使用",Material for crafting blueprint items. Usable even in inventory.,资源/物资,资源,,,非图纸,res://素材/游戏素材/货币/11.png,2000,,,,1,,,,"{""使用"":""资源""}"
零件,0,10,Rune_Stone,"合成蓝图物品的物质,即使在背包里也可以被使用",Material for crafting blueprint items. Usable even in inventory.,资源/物资,资源,,,非图纸,res://素材/游戏素材/货币/49.png,2000,2.5,2.5,2.5,2.5,0,0,-1,"{""使用"":""资源""}"
精华,0,20,Gem_Essence,"合成蓝图物品的物质,即使在背包里也可以被使用",Material for crafting blueprint items. Usable even in inventory.,资源/物资,资源,,,非图纸,res://素材/游戏素材/货币/50.png,2000,,,,,2,,,"{""使用"":""资源""}"
星核矿砂,1,30,Star Core Ore Sand,矿山浅层常见的银灰色砂粒，表面带有微弱金属光泽,"Common silver-gray sand in shallow mines, faint metallic luster on surface.",炼金,材料,炼金材料,,炼金材料,res://素材/豆包AI素材/炼金材料/*,1800,20,0,0,0,1,0,10,"{""炼金属性"":{""创造"":6,""齿轮"":5,""勇气"":-1},""类型"":""矿物"",""蓝图"":200}"
冥铁碎片,2,35,Nether Iron Shard,普通铁矿伴生的深灰色碎片，表面略显粗糙,"Dark gray shard from common iron ore, slightly rough surface.",炼金,材料,炼金材料,,炼金材料,res://素材/豆包AI素材/炼金材料/*,1800,25,0,0,0,1,0,10,"{""炼金属性"":{""创造"":8,""齿轮"":2,""奇异"":2},""类型"":""矿物""}"
魂晶粉尘,3,40,Soul Crystal Dust,岩石缝隙中析出的白色晶体粉末，遇光会轻微反光,"White crystal powder precipitated in rock crevices, slightly reflective in light.",炼金,材料,炼金材料,,炼金材料,res://素材/豆包AI素材/炼金材料/*,1800,30,0,0,0,1,0,10,"{""炼金属性"":{""创造"":4,""齿轮"":8,""洞察"":2},""类型"":""矿物""}"
血牙结晶,4,45,Blood Fang Crystal,普通野兽獠牙磨损后凝结的红褐色晶体，硬度较低,"Reddish-brown crystal formed from worn common beast fangs, low hardness.",炼金,材料,炼金材料,,炼金材料,res://素材/豆包AI素材/炼金材料/*,1800,0,0,25,0,2,0,10,"{""炼金属性"":{""创造"":6,""齿轮"":8,""勇气"":2},""类型"":""矿物""}"
辉光矿晶,5,130,Glow Ore Crystal,深埋地下的六棱柱形矿石，表面覆盖着流动状的荧光纹路，在黑暗中会发出蓝绿色微光。,"Hexagonal prismatic ore buried deep underground, covered in flowing fluorescent patterns, glows teal in darkness.",炼金,材料,炼金材料,,炼金材料,res://素材/豆包AI素材/炼金材料/*,1800,0,0,20,0,1,5,10,"{""炼金属性"":{""创造"":12,""齿轮"":10,""勇气"":-2},""类型"":""矿物""}"
幻雾凝露,1,30,Fantasy Mist Condensate,清晨林间雾气凝结而成的透明液滴，附着在叶片表面,"Transparent droplets condensed from morning forest mist, attached to leaf surfaces.",炼金,材料,炼金材料,,炼金材料,res://素材/豆包AI素材/炼金材料/*,1800,0,20,0,0,1,0,10,"{""炼金属性"":{""奇异"":8,""复苏"":3,""创造"":-1},""类型"":""植物"",""蓝图"":200}"
月影花汁,2,35,Moon Shadow Flower Nectar,生长在林间的白色小花，夜间分泌清甜汁液，易采集,"White small flower growing in forests, secretes sweet sap at night, easy to collect.",炼金,材料,炼金材料,,炼金材料,res://素材/豆包AI素材/炼金材料/*,1800,0,0,0,25,1,0,10,"{""炼金属性"":{""奇异"":5,""复苏"":5,""洞察"":2},""类型"":""植物""}"
灵菇伞盖,3,40,Spirit Mushroom Cap,湿地草丛中常见的浅棕色菌盖，伞面带有细小菌褶,"Common light brown mushroom cap in wet grass, with fine gills on the surface.",炼金,材料,炼金材料,,炼金材料,res://素材/豆包AI素材/炼金材料/*,1800,0,0,0,30,1,0,10,"{""炼金属性"":{""奇异"":8,""复苏"":7,""齿轮"":-1},""类型"":""植物""}"
炽心草茎,4,45,Blazing Heart Grass Stem,向阳坡生长的绿色草茎，茎秆内部带有淡红色汁液,"Green grass stem growing on sunny slopes, with pale red sap inside.",炼金,材料,炼金材料,,炼金材料,res://素材/豆包AI素材/炼金材料/*,1800,0,0,25,0,2,0,10,"{""炼金属性"":{""奇异"":4,""复苏"":10,""勇气"":2},""类型"":""植物""}"
星叶花,5,130,Star Leaf Flower,生长在月光照射的山谷中的奇特花朵，花瓣呈星形，中心有金色花蕊，能分泌带有淡淡香气的透明露珠。,"Strange flower growing in moonlit valleys, star-shaped petals with golden stamens, secretes scented transparent dew.",炼金,材料,炼金材料,,炼金材料,res://素材/豆包AI素材/炼金材料/*,1800,0,0,20,0,1,5,10,"{""炼金属性"":{""奇异"":8,""复苏"":10,""洞察"":2},""类型"":""植物""}"
发条虫蜕,1,30,Clockwork Bug Shed,林间土壤中生活的发条虫褪下的黄褐色薄壳，质地坚韧,"Tawny thin shell shed by clockwork bugs in forest soil, tough texture.",炼金,材料,炼金材料,,炼金材料,res://素材/豆包AI素材/炼金材料/*,1800,0,0,20,0,1,0,10,"{""炼金属性"":{""勇气"":4,""洞察"":6},""类型"":""生物"",""蓝图"":200}"
腐翼鳞粉,2,35,Rot Wing Scale Powder,常见飞虫脱落的鳞粉，呈浅褐色，易随风飘散,"Light brown scale powder shed by common flying insects, easily blown by wind.",炼金,材料,炼金材料,,炼金材料,res://素材/豆包AI素材/炼金材料/*,1800,0,0,25,0,1,0,10,"{""炼金属性"":{""勇气"":4,""洞察"":9,""复苏"":-1},""类型"":""生物""}"
海灵珠,3,40,Sea Spirit Pearl,深海人鱼族的眼泪凝结而成的珍珠，呈椭圆形，内部有流动的水波纹路，在阳光下会折射出七彩光芒。,"Pearl condensed from deep-sea mermaid tears, oval with flowing water patterns, refracts colorful light in sun.",炼金,材料,炼金材料,,炼金材料,res://素材/豆包AI素材/炼金材料/*,1800,0,0,30,0,1,0,10,"{""炼金属性"":{""勇气"":5,""洞察"":10,""齿轮"":-1},""类型"":""生物""}"
骨角碎片,4,45,Bone Horn Shard,戈壁巨兽脱落的头部角质碎片，呈弯月形，表面有螺旋状的深褐色纹路，质地坚硬且带有微弱的土系魔力波动。,"Crescent-shaped horn shard from desert behemoths, spiral dark brown patterns, hard with faint earth magic.",炼金,材料,炼金材料,,炼金材料,res://素材/豆包AI素材/炼金材料/*,1800,0,0,25,0,2,0,10,"{""炼金属性"":{""勇气"":7,""洞察"":7,""创造"":2},""类型"":""生物""}"
焰尾羽,5,130,Flame Tail Feather,火山火鸟尾部的羽毛，呈流线型，羽轴为深红色，羽片为橙黄色，末端有火焰状的边缘，触碰时会感到轻微的灼热感。,"Streamlined feather from volcanic firebird tail, dark red shaft, orange-yellow vanes, flame edges, slightly warm to touch.",炼金,材料,炼金材料,,炼金材料,res://素材/豆包AI素材/炼金材料/*,1800,0,0,20,0,1,5,10,"{""炼金属性"":{""勇气"":10,""洞察"":8,""复苏"":2},""类型"":""生物""}"
圣盾徽记,5,1000,Holy Shield Emblem,铁匠铺常见的金属徽记，刻有简易盾形纹路，质地坚实,"Common metal emblem in blacksmith shops, carved with simple shield patterns, solid texture.",催化,材料,催化剂,战士,非图纸,res://素材/豆包AI素材/炼金材料/*,1000,,,,,,,,"{""炼金药水"":[""圣坚药水"",""勇气"",50]}"
星纹结晶,5,1000,Starweave Crystal,学徒常用的基础结晶，表面刻有简单星纹，能量稳定,"Basic crystal for apprentices, engraved with simple star patterns, stable energy.",催化,材料,催化剂,法师,非图纸,res://素材/豆包AI素材/炼金材料/*,1000,,,,,,,,"{""炼金药水"":[""风羽药水"",""奇异"",50]}"
风翎符片,5,1000,Wind Plume Talisman,用普通禽羽压制的符片，轻便易携带，附着微弱风元素,"Talisman pressed from common bird feathers, lightweight and portable, with faint wind element.",催化,材料,催化剂,射手,非图纸,res://素材/豆包AI素材/炼金材料/*,1000,,,,,,,,"{""炼金药水"":[""星芒药水"",""创造"",50]}"
颜料瓶,5,1000,Paint Bottle,"游玩水排序获得的催化剂,大幅度提高颜料的获得概率","Catalyst obtained from Water Sorting minigame, greatly increases paint drop chance.",特殊催化,材料,催化剂,,非图纸,res://素材/豆包AI素材/像素瓶子宽.png,1000,,,,,,,,{}
枯骨残片,1,50,Withered Bone Shard,骷髅掉落物,Skeleton drop,战利品,材料,,,非图纸,res://素材/豆包AI素材/战利品/*,2000,,,,,,,,{}
腐僵碎肉,1,50,Rotten Corpse Meat,僵尸掉落物,Zombie drop,战利品,材料,,,非图纸,res://素材/豆包AI素材/战利品/*,2000,,,,,,,,{}
圣坚药水,1,2500,Holy Fortitude Potion,骑士专属药水，汲取圣盾徽记的坚实特质炼制而成，可获得堪比金属盾牌的防御强化，身躯如锻钢般稳固可靠。,"Knight-exclusive potion forged with the firm trait of Holy Shield Emblem, grants defense boost like a metal shield, body as stable as forged steel.",装备药水,药水,装备药水,战士,非图纸,res://素材/豆包AI素材/药水/*,300,,,,,,,,"{""药水数量"":[50, 4]}"
星芒药水,1,2500,Star Radiance Potion,法师专属药水，萃取星纹结晶的稳定能量炼制而成，可快速校准法术能量波动，让基础法术释放更精准。,"Mage-exclusive potion extracted from stable energy of Starweave Crystal, quickly calibrates spell energy fluctuations for precise basic spell casting.",装备药水,药水,装备药水,法师,非图纸,res://素材/豆包AI素材/药水/*,300,,,,,,,,"{""药水数量"":[50, 4]}"
风羽药水,1,2500,Wind Feather Potion,射手专属药水，萃取风翎符片的风元素与轻便特质炼制而成，可获得元素加持，身形变得轻盈迅捷如同携风而行般灵活。,"Archer-exclusive potion infused with wind element and lightness of Wind Plume Talisman, grants elemental boost, light and swift body like riding wind.",装备药水,药水,装备药水,射手,非图纸,res://素材/豆包AI素材/药水/*,300,,,,,,,,"{""药水数量"":[50, 4]}"
白伞菇,1,50,White Umbrella Mushroom,口感脆嫩，带着纯粹的菌香与淡淡的清甜，回味干净无杂味，清炒或煮汤都能凸显本味。,"Crisp and tender, pure mushroom aroma with light sweetness, clean aftertaste. Highlights original flavor in stir-fry or soup.",食物/食材/炼金,食材,食材,,食材,res://素材/元宝/食物/食材/*,2000,0,0,0,30,2,0,12,"{""卡路里"":20,""食材"":""菌类"",""美味度"":12.5,""炼金属性"":{""奇异"":5,""复苏"":6,""创造"":-1},""类型"":""植物""}"
荧光菇,2,55,Glow Mushroom,清香中带着一丝微甜，风味柔和不刺激，自带淡淡的草本气息，无论是凉拌还是焖煮都能增添清新感。,"Fresh fragrance with mild sweetness, soft and non-irritating, light herbal scent. Adds freshness in cold dishes or braised food.",食物/食材/炼金,食材,食材,,食材,res://素材/元宝/食物/食材/*,2000,0,0,0,35,2,0,12,"{""卡路里"":18,""食材"":""菌类"",""美味度"":15,""炼金属性"":{""奇异"":4,""复苏"":7,""洞察"":1},""类型"":""植物""}"
幽影腐菇,3,60,Shadow Rot Mushroom,经过自然发酵的浓郁风味，咸鲜醇厚，带着轻微的酱香底味，口感绵密，适合重口味烹饪提鲜。,"Rich naturally fermented flavor, savory and mellow, slight sauce base, dense texture. Enhances umami for bold dishes.",食物/食材/炼金,食材,食材,,食材,res://素材/元宝/食物/食材/*,2000,0,0,0,40,2,0,12,"{""卡路里"":22,""食材"":""菌类"",""美味度"":17.5,""炼金属性"":{""奇异"":7,""复苏"":7},""类型"":""植物""}"
灵脉菌,4,65,Spirit Vein Fungus,菌香格外浓郁，清甜中带着一丝回甘，口感脆嫩爽口，咀嚼时能感受到自然的鲜味在舌尖散开。,"Strong mushroom aroma, sweet with subtle aftertaste, crisp and refreshing. Natural umami bursts on tongue when chewed.",食物/食材/炼金,食材,食材,,食材,res://素材/元宝/食物/食材/*,2000,0,0,0,45,2,0,12,"{""卡路里"":20,""食材"":""菌类"",""美味度"":20,""炼金属性"":{""奇异"":6,""复苏"":8,""勇气"":2},""类型"":""植物""}"
炽焰绒菇,5,110,Blazing Flame Mushroom,生长在熔岩裂隙中的焰状蘑菇，伞盖覆满红橙渐变的绒质菌褶，触碰时会散出细碎火星并释放暖意,"Flame-shaped mushroom growing in lava fissures, cap covered in red-orange fuzzy gills, emits tiny sparks and warmth when touched.",食物/食材/炼金,食材,食材,,食材,res://素材/豆包AI素材/食物/食材/*,2000,0,0,0,30,2,3,10,"{""卡路里"":20,""食材"":""菌类"",""美味度"":25,""炼金属性"":{""奇异"":10,""复苏"":8,""洞察"":2},""类型"":""植物""}"
春小麦粒,1,50,Spring Wheat Grain,带着纯粹的麦香，微甜软糯，煮熟后口感饱满，无论是煮粥还是磨粉，都能保留谷物的本真风味。,"Pure wheat aroma, slightly sweet and soft, full texture when cooked. Retains grain flavor in porridge or flour.",食物/食材,食材,食材,,食材,res://素材/元宝/食物/食材/*,2000,0,0,0,30,2,0,12,"{""卡路里"":35,""食材"":""谷物"",""美味度"":5,""蓝图"":120}"
沙螟谷,2,55,Sand Borer Grain,高蛋白的鲜香口感，肉质紧实弹牙，带着淡淡的咸鲜底味，烹饪后鲜味突出，无多余异味。,"High-protein savory taste, firm and chewy flesh, light salty base, prominent umami after cooking, no excess odor.",食物/食材,食材,食材,,食材,res://素材/元宝/食物/食材/*,2000,0,15,0,20,2,0,12,"{""卡路里"":35,""食材"":""谷物"",""美味度"":6,""蓝图"":150}"
水漾晶稻,3,60,Water Ripple Crystal Rice,质感如凝露。米粒自带清甜水汽，可生食,"Texture like dew. Grains have sweet moisture, edible raw.",食物/食材,食材,食材,,食材,res://素材/豆包AI素材/食物/食材/*,2000,0,10,0,30,2,0,12,"{""卡路里"":35,""食材"":""谷物"",""美味度"":7,""蓝图"":280}"
岩心薯,4,65,Rock Heart Potato,扎根于地下深层岩缝的块茎类主粮，外皮粗糙如黑石，切开后内芯呈紫纹晶状。,"Tuber staple rooted in deep underground rock crevices, rough black stone skin, purple crystalline core inside.",食物/食材,食材,食材,,食材,res://素材/豆包AI素材/食物/食材/*,2000,0,10,0,35,2,0,12,"{""卡路里"":35,""食材"":""谷物"",""美味度"":8,""蓝图"":350}"
星璃麦,5,110,Star Glass Wheat,米粒质感如琉璃，煮熟后香甜软糯，带有星能余韵,"Grains like glazed glass, sweet and soft when cooked, with residual star energy.",食物/食材,食材,食材,,食材,res://素材/豆包AI素材/食物/食材/*,2000,0,10,0,20,2,3,10,"{""卡路里"":40,""食材"":""谷物"",""美味度"":10,""蓝图"":500}"
野兔后腿肉,1,50,Hare Hindquarter,鲜香浓郁，带着一丝自然的草香，肉质紧实不柴，调味后能凸显野味的独特鲜醇，不腻口。,"Rich savory flavor, light natural grass aroma, firm and non-tough meat. Highlights unique gamey umami when seasoned, not greasy.",食物/食材/炼金,食材,食材,,食材,res://素材/元宝/食物/食材/*,2000,0,0,30,0,2,0,12,"{""卡路里"":20,""食材"":""肉类"",""美味度"":10,""炼金属性"":{""勇气"":7,""洞察"":3},""类型"":""生物""}"
芦花鸡胸肉,2,55,Reed Chicken Breast,口感嫩滑细腻，味道清甜不腥，脂肪含量低，无论是煎炒还是炖煮，都能保持鲜爽的肉质风味。,"Smooth and delicate texture, sweet and non-fishy, low fat. Retains fresh flavor in pan-fry or stew.",食物/食材/炼金,食材,食材,,食材,res://素材/元宝/食物/食材/*,2000,0,0,35,0,2,0,12,"{""卡路里"":20,""食材"":""肉类"",""美味度"":12,""炼金属性"":{""勇气"":8,""洞察"":5,""齿轮"":-1},""类型"":""生物""}"
红烧肉罐头,3,60,Braised Pork Can,酱香醇厚，甜咸适口，肉质软糯入味，汤汁浓郁挂味，每一口都能感受到浓郁的肉香与酱汁风味。,"Mellow sauce aroma, balanced sweet and salty, soft and flavorful meat, rich coating sauce. Intense meaty and savory taste in every bite.",食物/食材/炼金,食材,食材,,食材,res://素材/元宝/食物/食材/*,2000,10,0,30,0,2,0,12,"{""卡路里"":20,""食材"":""肉类"",""美味度"":14,""炼金属性"":{""勇气"":6,""洞察"":9,""复苏"":-1},""类型"":""生物""}"
棘甲兽肉块,5,110,Spike Armor Beast Meat,"表层附带着细密的淡黄色硬棘,肉质紧实弹牙，自带淡淡的矿物咸香.","Covered in fine pale yellow hard spines, firm and chewy flesh, light mineral salty taste.",食物/食材/炼金,食材,食材,,食材,res://素材/豆包AI素材/食物/食材/*,2000,10,0,20,0,2,3,10,"{""卡路里"":20,""食材"":""肉类"",""美味度"":20,""炼金属性"":{""勇气"":11,""洞察"":11,""创造"":-2},""类型"":""生物""}"
金枪鱼罐头,1,50,Tuna Can,油浸风味鲜香十足，带着淡淡的鱼油香气，肉质紧实有嚼劲，咸鲜适中，自带海洋食材的纯粹鲜味。,"Oil-soaked rich savoriness, faint fish oil aroma, firm and chewy texture, balanced saltiness, pure ocean umami.",食物/食材,食材,食材,,食材,res://素材/元宝/食物/食材/*,2000,10,0,20,0,2,0,12,"{""卡路里"":20,""食材"":""海鲜"",""美味度"":10,""蓝图"":120}"
晶鳞鲫鱼,2,55,Crystal Scale Crucian,一份食物,A serving of food,食物/食材,食材,食材,,食材,res://素材/豆包AI素材/食物/食材/*,2000,0,0,0,35,2,0,12,"{""卡路里"":20,""食材"":""海鲜"",""美味度"":12,""蓝图"":150}"
雾影鲈鱼,3,60,Shadow Mist Bass,一份食物,A serving of food,食物/食材,食材,食材,,食材,res://素材/豆包AI素材/食物/食材/*,2000,0,0,0,40,2,0,12,"{""卡路里"":20,""食材"":""海鲜"",""美味度"":14,""蓝图"":280}"
星点马口鱼,4,65,Star Spot Horse Fish,一份食物,A serving of food,食物/食材,食材,食材,,食材,res://素材/豆包AI素材/食物/食材/*,2000,0,0,0,45,2,0,12,"{""卡路里"":20,""食材"":""海鲜"",""美味度"":16,""蓝图"":350}"
岩隙黄鳝,5,110,Rock Crevice Eel,一份食物,A serving of food,食物/食材,食材,食材,,食材,res://素材/豆包AI素材/食物/食材/*,2000,0,0,0,30,2,3,10,"{""卡路里"":20,""食材"":""海鲜"",""美味度"":20,""蓝图"":500}"
荧鳍鲤鱼,5,110,Glow Fin Carp,一份食物,A serving of food,食物/食材,食材,食材,,食材,res://素材/豆包AI素材/食物/食材/*,2000,0,0,0,30,2,3,12,"{""卡路里"":20,""食材"":""海鲜"",""美味度"":20,""蓝图"":500}"
嫩生菜叶,1,50,Tender Lettuce Leaf,清爽脆嫩，微甜多汁，带着淡淡的植物清香，解腻效果极佳，生吃或轻炒都能保留清爽风味。,"Refreshing and crisp, sweet and juicy, light plant fragrance, great for cutting grease. Retains freshness raw or lightly stir-fried.",食物/食材,食材,食材,,食材,res://素材/元宝/食物/食材/*,2000,0,0,0,30,2,0,12,"{""卡路里"":15,""食材"":""蔬菜"",""美味度"":7.5,""蓝图"":120}"
蔬菜罐头,2,55,Vegetable Can,保留了蔬菜本身的清甜，口感脆嫩适中，咸淡均衡，混合着多种蔬菜的复合鲜香，方便快捷且风味不减。,"Retains natural vegetable sweetness, crisp and tender texture, balanced saltiness, mixed vegetable umami. Convenient with full flavor.",食物/食材,食材,食材,,食材,res://素材/元宝/食物/食材/*,2000,10,0,0,25,2,0,12,"{""卡路里"":15,""食材"":""蔬菜"",""美味度"":9,""蓝图"":150}"
水菱角,3,60,Water Chestnut,内仁清甜粉糯，带着淡淡的水生植物香气，口感绵密不粘牙，生吃脆甜，煮熟后软糯香甜，回味悠长。,"Sweet and waxy kernel, light aquatic plant aroma, dense non-sticky texture. Crisp raw, soft and sweet when cooked, long aftertaste.",食物/食材,食材,食材,,食材,res://素材/元宝/食物/食材/*,2000,0,10,0,30,2,0,12,"{""卡路里"":15,""食材"":""蔬菜"",""美味度"":10.5,""蓝图"":280}"
晶脉白菜,4,65,Crystal Vein Cabbage,一份食物,A serving of food,食物/食材,食材,食材,,食材,res://素材/豆包AI素材/食物/食材/*,2000,0,0,0,45,2,0,12,"{""卡路里"":15,""食材"":""蔬菜"",""美味度"":13,""蓝图"":350}"
荧芯胡萝卜,5,110,Glow Core Carrot,一份食物,A serving of food,食物/食材,食材,食材,,食材,res://素材/豆包AI素材/食物/食材/*,2000,0,0,0,30,2,3,10,"{""卡路里"":15,""食材"":""蔬菜"",""美味度"":15,""蓝图"":500}"
岩芯土豆,5,110,Rock Core Potato,一份食物,A serving of food,食物/食材,食材,食材,,食材,res://素材/豆包AI素材/食物/食材/*,2000,0,0,0,30,2,3,10,"{""卡路里"":15,""食材"":""蔬菜"",""美味度"":15,""蓝图"":500}"
雾影黄瓜,5,110,Shadow Mist Cucumber,一份食物,A serving of food,食物/食材,食材,食材,,食材,res://素材/豆包AI素材/食物/食材/*,2000,0,0,0,30,2,3,10,"{""卡路里"":15,""食材"":""蔬菜"",""美味度"":15,""蓝图"":500}"
晶光苹果,1,50,Crystal Light Apple,一份食物,A serving of food,食物/食材,食材,食材,,食材,res://素材/豆包AI素材/食物/食材/*,2000,0,0,0,30,2,0,12,"{""卡路里"":15,""食材"":""水果"",""美味度"":7.5,""蓝图"":120}"
晨露桃,2,55,Morning Dew Peach,一份食物,A serving of food,食物/食材,食材,食材,,食材,res://素材/豆包AI素材/食物/食材/*,2000,0,5,0,30,2,0,12,"{""卡路里"":15,""食材"":""水果"",""美味度"":9,""蓝图"":150}"
雾润芒果,3,60,Mist Mango,一份食物,A serving of food,食物/食材,食材,食材,,食材,res://素材/豆包AI素材/食物/食材/*,2000,0,10,0,30,2,0,12,"{""卡路里"":15,""食材"":""水果"",""美味度"":10.5,""蓝图"":280}"
星纹番茄,4,65,Starweave Tomato,一份食物,A serving of food,食物/食材,食材,食材,,食材,res://素材/豆包AI素材/食物/食材/*,2000,0,10,0,35,2,0,12,"{""卡路里"":15,""食材"":""水果"",""美味度"":13,""蓝图"":350}"
星粒蓝莓,5,110,Star Grain Blueberry,一份食物,A serving of food,食物/食材,食材,食材,,食材,res://素材/豆包AI素材/食物/食材/*,2000,0,0,0,30,2,3,10,"{""卡路里"":15,""食材"":""水果"",""美味度"":15,""蓝图"":500}"
荧光莓苔,5,110,Glow Berry Moss,一份食物,A serving of food,食物/食材,食材,食材,,食材,res://素材/豆包AI素材/食物/食材/*,2000,0,0,0,30,2,3,12,"{""卡路里"":15,""食材"":""水果"",""美味度"":15,""蓝图"":500}"
晶流蜜水,1,50,Crystal Flow Honey Water,一份食物,A serving of food,食物/食材/炼金,食材,食材,,食材,res://素材/豆包AI素材/食物/食材/*,2000,0,0,0,30,2,0,12,"{""卡路里"":0,""食材"":""魔法"",""美味度"":10,""炼金属性"":{""创造"":7,""齿轮"":3},""类型"":""矿物""}"
月华银砂,2,55,Moonlight Silver Sand,一份食物,A serving of food,食物/食材/炼金,食材,食材,,食材,res://素材/豆包AI素材/食物/食材/*,2000,30,0,0,5,2,0,12,"{""卡路里"":0,""食材"":""魔法"",""美味度"":12,""炼金属性"":{""创造"":2,""齿轮"":8,""奇异"":2},""类型"":""矿物""}"
风蚀酪尘,3,60,Wind Eroded Cheese Dust,一份食物,A serving of food,食物/食材/炼金,食材,食材,,食材,res://素材/豆包AI素材/食物/食材/*,2000,40,0,0,0,2,0,12,"{""卡路里"":0,""食材"":""魔法"",""美味度"":14,""炼金属性"":{""创造"":4,""齿轮"":8,""洞察"":2},""类型"":""矿物""}"
岩焦麦块,4,65,Rock Burnt Wheat Chunk,一份食物,A serving of food,食物/食材/炼金,食材,食材,,食材,res://素材/豆包AI素材/食物/食材/*,2000,40,0,0,5,2,0,12,"{""卡路里"":0,""食材"":""魔法"",""美味度"":16,""炼金属性"":{""创造"":8,""齿轮"":7,""勇气"":1},""类型"":""矿物""}"
岩脉橙,5,110,Rock Vein Orange,一份食物,A serving of food,食物/食材/炼金,食材,食材,,食材,res://素材/豆包AI素材/食物/食材/*,2000,0,0,0,30,2,3,10,"{""卡路里"":0,""食材"":""魔法"",""美味度"":20,""炼金属性"":{""创造"":7,""齿轮"":11,""勇气"":2},""类型"":""矿物""}"
深海晶盐粉,5,300,Deep Sea Crystal Salt Powder,烹饪时融入深海独有的咸鲜风味，咸度温润不燥，裹挟深海矿物的清润回甘，让食材鲜味更显纯粹。,"Infuses dishes with unique deep-sea savoriness, mild saltiness, clear mineral sweetness, pure ingredient umami.",调料/药水,药水,调味药水,,非图纸,res://素材/豆包AI素材/药水/*,500,,,,,,,,"{""药水倾向"":[""任意"", 0,5,""创造"", 30,15,],""药水数量"":[20, 8],""口味"":""咸""}"
熔岩炽辣酱,5,300,Lava Blazing Chili Sauce,赋予食材熔岩般热烈的灼舌辣感，辣度醇厚不燥，入口瞬间迸发浓郁辣香，余韵绵长且富有层次。,"Grants lava-like intense burning spiciness, rich and non-dry heat, strong spicy aroma on entry, layered long aftertaste.",调料/药水,药水,调味药水,,非图纸,res://素材/豆包AI素材/药水/*,500,,,,,,,,"{""药水倾向"":[""任意"", 0,5,""创造"", 30,15,],""药水数量"":[20, 8],""口味"":""辣""}"
霜糖花蜜膏,5,300,Frost Sugar Nectar Paste,为菜肴注入霜糖裹蜜的清甜，甜润不腻、绵密丝滑，入口即化的甜感中带着天然花蜜的淡雅香气。,"Adds frosted sugar honey sweetness to dishes, sweet and non-greasy, smooth and silky, natural nectar elegance in melt-in-mouth sweetness.",调料/药水,药水,调味药水,,非图纸,res://素材/豆包AI素材/药水/*,500,,,,,,,,"{""药水倾向"":[""任意"", 0,5,""创造"", 30,15,],""药水数量"":[20, 8],""口味"":""甜""}"
幽藤酸浆粉,5,300,Shadow Vine Sour Pulp Powder,烹饪后释放幽藤特有的清新酸感，酸得沁脾解腻，似林间晨露般清爽，唤醒食材本身的鲜活滋味。,"Releases unique vine fresh sourness after cooking, refreshing and grease-cutting, like forest morning dew, awakens ingredient freshness.",调料/药水,药水,调味药水,,非图纸,res://素材/豆包AI素材/药水/*,500,,,,,,,,"{""药水倾向"":[""任意"", 0,5,""创造"", 30,15,],""药水数量"":[20, 8],""口味"":""酸""}"
星尘鲜贝粉,5,300,Star Dust Scallop Powder,浓缩星尘与海贝的双重鲜醇，鲜味浓郁却不腥腻，为菜肴增添空灵绵长的海味，让鲜味更具穿透力。,"Concentrated dual umami of star dust and scallops, rich and non-fishy, adds ethereal long ocean flavor to dishes, penetrating umami.",调料/药水,药水,调味药水,,非图纸,res://素材/豆包AI素材/药水/*,500,,,,,,,,"{""药水倾向"":[""任意"", 0,5,""创造"", 30,15,],""药水数量"":[20, 8],""口味"":""鲜""}"
幻紫麻酱膏,5,300,Fantasy Purple Sesame Paste,带来幻紫般细腻的酥麻口感，麻味温润不刺激，从舌尖缓缓蔓延至喉头，与食材风味交融和谐。,"Brings dreamy purple delicate numbing taste, mild and non-irritating, spreads slowly from tongue to throat, harmonizes with ingredient flavors.",调料/药水,药水,调味药水,,非图纸,res://素材/豆包AI素材/药水/*,500,,,,,,,,"{""药水倾向"":[""任意"", 0,5,""创造"", 30,15,],""药水数量"":[20, 8],""口味"":""麻""}"
深渊苦露粉,5,300,Abyss Bitter Dew Powder,赋予菜肴深渊沉凝的醇厚苦感，苦味纯粹不涩，回甘悠长，能衬托出食材深层的复合风味。,"Grants dishes deep abyss mellow bitterness, pure and non-astringent, long aftertaste, highlights deep complex flavors of ingredients.",调料/药水,药水,调味药水,,非图纸,res://素材/豆包AI素材/药水/*,500,,,,,,,,"{""药水倾向"":[""任意"", 0,5,""创造"", 30,15,],""药水数量"":[20, 8],""口味"":""苦""}"
盖浇扣肉饭,1,800,Braised Pork Rice Bowl,一份可以入口的食物,An edible serving of food,食物/料理,食物,料理,,非图纸,res://素材/豆包AI素材/食物/料理/*,1000,,,,,,,,"{""卡路里"":40,""美味度"":50,""代币"":5,""菜谱"":{""肉类"":3,""谷物"":5,""味道"":""咸""}}"
辣炒乱炖,1,800,Spicy Stir-Fry Stew,一份可以入口的食物,An edible serving of food,食物/料理,食物,料理,,非图纸,res://素材/豆包AI素材/食物/料理/*,1000,,,,,,,,"{""卡路里"":40,""美味度"":52,""代币"":5,""菜谱"":{""肉类"":2,""谷物"":4,""蔬菜"":2,""味道"":""辣""}}"
泡椒酸萝卜粥,1,800,Pickled Pepper Radish Porridge,一份可以入口的食物,An edible serving of food,食物/料理,食物,料理,,非图纸,res://素材/豆包AI素材/食物/料理/*,1000,,,,,,,,"{""卡路里"":40,""美味度"":40,""代币"":5,""菜谱"":{""谷物"":3,""蔬菜"":2,""味道"":""酸""}}"
山药葡干甜粥,2,800,Chinese Yam Raisin Sweet Porridge,一份可以入口的食物,An edible serving of food,食物/料理,食物,料理,,非图纸,res://素材/豆包AI素材/食物/料理/*,1000,,,,,,,,"{""卡路里"":40,""美味度"":60,""代币"":10,""菜谱"":{""谷物"":4,""蔬菜"":3,""蘑菇"":2,""味道"":""甜""}}"
鲜贝虾茸粥,3,800,Scallop Shrimp Paste Porridge,一份可以入口的食物,An edible serving of food,食物/料理,食物,料理,,非图纸,res://素材/豆包AI素材/食物/料理/*,1000,,,,,,,,"{""卡路里"":40,""美味度"":65,""代币"":15,""菜谱"":{""谷物"":4,""海鲜"":3,""蘑菇"":2,""味道"":""鲜""}}"
香菇鳝丝粥,4,800,Mushroom Eel Thread Porridge,一份可以入口的食物,An edible serving of food,食物/料理,食物,料理,,非图纸,res://素材/豆包AI素材/食物/料理/*,1000,,,,,,,,"{""卡路里"":40,""美味度"":70,""代币"":20,""菜谱"":{""谷物"":3,""海鲜"":1,""蘑菇"":3,""味道"":""苦""}}"
燕麦乱炖,5,800,Oatmeal Stew,一份可以入口的食物,An edible serving of food,食物/料理,食物,料理,,非图纸,res://素材/豆包AI素材/食物/料理/*,1000,,,,,,,,"{""卡路里"":35,""美味度"":75,""代币"":25,""菜谱"":{""谷物"":3,""蔬菜"":1,""蘑菇"":3,""味道"":""咸""}}"
玉米排骨乱炖,5,800,Corn Rib Stew,一份可以入口的食物,An edible serving of food,食物/料理,食物,料理,,非图纸,res://素材/豆包AI素材/食物/料理/*,1000,,,,,,,,"{""卡路里"":35,""美味度"":75,""代币"":25,""菜谱"":{""谷物"":2,""蔬菜"":3,""肉类"":2,""味道"":""甜""}}"
炽魂药剂,1,1000,Blazing Soul Elixir,"近战攻击附带""火焰伤害""","Melee attack applies ""Fire Damage""",药水,药水,战斗药水,,非图纸,res://素材/豆包AI素材/药水/*,200,,,,,,,,"{""药水倾向"":[""任意"", 0,2,""勇气"", 30,5,],""药水数量"":[20, 3]}"
庇护灵药,1,1000,Shelter Elixir,持续获得“护盾”,"Continuously gain ""Shield""",药水,药水,战斗药水,,非图纸,res://素材/豆包AI素材/药水/*,200,,,,,,,,"{""药水倾向"":[""任意"", 0,2,""勇气"", 30,8,],""药水数量"":[20, 3]}"
熊之力酊剂,1,1000,Bear's Strength Tincture,暴击提升。,Increases Critical Strike,药水,药水,战斗药水,,非图纸,res://素材/豆包AI素材/药水/*,200,,,,,,,,"{""药水倾向"":[""任意"", 0,2,""勇气"", 30,8,],""药水数量"":[20, 3]}"
幽影药剂,1,1000,Shadow Elixir,闪避提升。,Increases Evasion,药水,药水,战斗药水,,非图纸,res://素材/豆包AI素材/药水/*,200,,,,,,,,"{""药水倾向"":[""任意"", 0,2,""勇气"", 30,8,],""药水数量"":[20, 3]}"
生命甘露,1,1000,Life Nectar,最大生命值提升。,Increases Maximum Health,药水,药水,战斗药水,,非图纸,res://素材/豆包AI素材/药水/*,200,,,,,,,,"{""药水倾向"":[""任意"", 0,2,""勇气"", 30,8,],""药水数量"":[20, 3]}"
力量药水,1,1000,Strength Potion,提升力量。,Increases Strength,药水,药水,战斗药水,,非图纸,res://素材/豆包AI素材/药水/*,200,,,,,,,,"{""药水倾向"":[""任意"", 0,5,""勇气"", 30,10,],""药水数量"":[20, 3]}"
速度药水,1,1000,Speed Potion,提升速度。,Increases Speed,药水,药水,战斗药水,,非图纸,res://素材/豆包AI素材/药水/*,200,,,,,,,,"{""药水倾向"":[""任意"", 0,2,""勇气"", 30,5,],""药水数量"":[20, 3]}"
防御药水,1,1000,Defense Potion,增加护盾容量,Increases Shield Capacity,药水,药水,战斗药水,,非图纸,res://素材/豆包AI素材/药水/*,200,,,,,,,,"{""药水倾向"":[""任意"", 0,2,""勇气"", 30,8,],""药水数量"":[20, 3]}"
生命药水,1,750,Health Potion,立即恢复一定生命值。,Instantly restores a certain amount of Health.,药水,药水,战斗药水,,经典药水,res://素材/豆包AI素材/药水/*,500,0,0,0,25,5,0,10,"{""药水倾向"":[""任意"", 0,5,""勇气"", 30,20,""勇气"", 100,-5],""药水数量"":[5, 16],""药水效果"":[[""生命回复"",50,10]]}"
持续生命药水,1,750,Regeneration Potion,饮用后持续恢复生命值一段时间。,Continuously restores Health for a period after drinking.,药水,药水,战斗药水,,经典药水,res://素材/豆包AI素材/药水/*,500,0,0,0,25,5,0,10,"{""药水倾向"":[""任意"", 0,5,""勇气"", 30,20,""勇气"", 100,-5],""药水数量"":[5, 16],""药水效果"":[[""生命持续回复"",6,10]]}"
法力药水,1,750,Mana Potion,立即恢复一定法力值。,Instantly restores a certain amount of Mana.,药水,药水,战斗药水,,经典药水,res://素材/豆包AI素材/药水/*,500,0,0,0,25,5,0,10,"{""药水倾向"":[""任意"", 0,5,""勇气"", 30,20,""勇气"", 100,-5],""药水数量"":[5, 16],""药水效果"":[[""魔法回复"",30,12]]}"
持续法力药水,1,750,Mana Regen Potion,饮用后持续恢复法力值一段时间。,Continuously restores Mana for a period after drinking.,药水,药水,战斗药水,,经典药水,res://素材/豆包AI素材/药水/*,500,0,0,0,25,5,0,10,"{""药水倾向"":[""任意"", 0,5,""勇气"", 30,20,""勇气"", 100,-5],""药水数量"":[5, 16],""药水效果"":[[""魔法持续回复"",5,12]]}"
以太药水,1,1000,Aether Potion,"饮用后获得一层BUFF持续5分钟时间重置,最多3层一段时间内,增加所有点击获取的基础材料数量倍率+1","Gain 1 stack of BUFF (5 minutes, refreshable, max 3 stacks). Temporarily increases base material gain multiplier from all clicks by +1 for a duration.",手工/药水,药水,手工药水,,非图纸,res://素材/豆包AI素材/药水/*,256,,,,,,,,"{""药水倾向"":[""任意"", 0,5,""创造"", 50,8,],""药水数量"":[50, 2],""使用"":""药水""}"
创生息壤药水,2,1000,Creation Loam Potion,"饮用后获得一层BUFF持续5分钟时间重制,最多3层,一段时间内,增加""木材"",""药草""点击获取的基础材料数量+1与临时上限+100","Gain 1 stack of BUFF (5 minutes, refreshable, max 3 stacks). Temporarily increases base Wood & Herb gain per click by +1 and temporary cap by +100 for a duration.",手工/药水,药水,手工药水,,非图纸,res://素材/豆包AI素材/药水/*,256,,,,,,,,"{""药水倾向"":[""任意"", 0,5,""创造"", 50,8,],""药水数量"":[50, 2],""使用"":""药水""}"
维度稳固药水,2,1000,Dimensional Stabilization Potion,"饮用后获得一层BUFF持续5分钟时间重制,最多3层,一段时间内,增加""矿石"",""皮革""点击获取的基础材料数量+1与临时上限+100","Gain 1 stack of BUFF (5 minutes, refreshable, max 3 stacks). Temporarily increases base Ore & Leather gain per click by +1 and temporary cap by +100 for a duration.",手工/药水,药水,手工药水,,非图纸,res://素材/豆包AI素材/药水/*,256,,,,,,,,"{""药水倾向"":[""任意"", 0,5,""创造"", 50,8,],""药水数量"":[50, 2],""使用"":""药水""}"
混沌调和药水,3,1000,Chaos Tuning Potion,"饮用后获得一层BUFF持续5分钟时间重置,最多3层,每隔10秒为你增加5手工精通池.但不受其他加成影响.","Gain 1 stack of BUFF (5 minutes, refreshable, max 3 stacks). Grants +5 Crafting Mastery Pool every 10 seconds, unaffected by other bonuses.",手工/药水,药水,手工药水,,非图纸,res://素材/豆包AI素材/药水/*,256,,,,,,,,"{""药水倾向"":[""任意"", 0,5,""创造"", 50,8,],""药水数量"":[50, 2],""使用"":""药水""}"
蓝图药水,5,1000,Blueprint Potion,"饮用后获得一层BUFF持续10分钟时间叠加,最多5层,立即降低5的研究费用.达到最大层数后只能BUFF结束后才能继续饮用","Gain 1 stack of BUFF (10 minutes, stackable, max 5 stacks). Instantly reduces research cost by 5. Can only drink again after max stacks expire.",手工/药水,药水,手工药水,,非图纸,res://素材/豆包AI素材/药水/*,256,,,,,,,,"{""药水倾向"":[""任意"", 0,5,""创造"", 50,8,],""药水数量"":[50, 2],""使用"":""药水""}"
锚定时间药水,5,1000,Time Anchoring Potion,"饮用后获得一层BUFF持续10分钟时间叠加,最多1层,自动制作立即跳跃到1分钟时间后.达到最大层数后只能BUFF结束后才能继续饮用","Gain 1 stack of BUFF (10 minutes, stackable, max 1 stack). Auto crafting skips ahead by 1 minute. Can only drink again after buff expires.",手工/药水,药水,手工药水,,非图纸,res://素材/豆包AI素材/药水/*,256,,,,,,,,"{""药水倾向"":[""任意"", 0,5,""创造"", 50,8,],""药水数量"":[50, 2],""使用"":""药水""}"
悔恨之痂,5,500,Scab of Regret,一场满是未竟之事的遗憾故事，终在短瞬落幕归于虚无，未竟执念凝结的凝固悔恨与自责碎片，被炼金术封入暗褐裂纹瓶，化作带结痂纹路的深棕膏体，瓶壁暗红痕迹是遗憾的具象。,"A tale of unfulfilled regrets ending quickly in nothingness. Unfinished obsessions condense into solid regret and self-blame fragments, sealed by alchemy in a dark brown cracked bottle as deep brown paste with scab patterns. Dark red marks on the bottle embody regret.",灾厄/收藏品/药水,药水,收藏品药水,,非图纸,res://素材/豆包AI素材/药水/收藏品/灾厄收藏瓶/*,200,,,,,,,,"{""药水倾向"":[""任意"", 10,5,""奇异"", 50,8,],""药水数量"":[30, 5]}"
绝望之雾,5,500,Mist of Despair,一场无路可逃的绝境故事，希望崩塌的极致虚无感凝成情绪内核，短时间内便迎来终局，炼金术将这团散不开的灰雾封印于半透明灰黑瓶中，瓶身黑裂与缓慢流动的雾气，定格了永恒的崩塌。,"A tale of inescapable despair, ultimate nothingness of collapsed hope as core emotion. Alchemy seals this unending gray mist in a translucent gray-black bottle. Black cracks and slowly flowing mist freeze eternal collapse.",灾厄/收藏品/药水,药水,收藏品药水,,非图纸,res://素材/豆包AI素材/药水/收藏品/灾厄收藏瓶/*,200,,,,,,,,"{""药水倾向"":[""任意"", 10,5,""奇异"", 50,8,],""药水数量"":[30, 5]}"
背叛之刺,5,500,Thorn of Betrayal,一场真心被最信任之人背弃的故事，尖锐痛感在终局瞬间炸裂，炼金术将这份破碎情绪凝为黑色尖刺结晶，封存于磨砂瓶内，结晶触碰瓶壁的 “咔哒” 声，是真心碎裂的余响。,A tale of betrayal by the most trusted. Sharp pain explodes at the end. Alchemy condenses this broken emotion into black spike crystals sealed in a frosted bottle. The clicking of crystals against glass echoes a shattered heart.,灾厄/收藏品/药水,药水,收藏品药水,,非图纸,res://素材/豆包AI素材/药水/收藏品/灾厄收藏瓶/*,200,,,,,,,,"{""药水倾向"":[""任意"", 10,5,""奇异"", 50,8,],""药水数量"":[30, 5]}"
孤独之茧,5,500,Cocoon of Loneliness,一场与世隔绝、无人读懂的故事，漫长岁月的极致孤独在短瞬凝结，炼金术将这份沉默情绪裹进灰白瓷瓶，白色絮状物缠绕的暗黑色光球，恰似被孤独困住的灵魂，瓶身磕碰痕迹见证岁月沉寂。,A tale of isolation and misunderstanding. Extreme loneliness of long years condenses instantly. Alchemy seals this silent emotion in a gray-white porcelain bottle. A dark black light ball wrapped in white flocs resembles a soul trapped in loneliness. Chip marks witness silent years.,灾厄/收藏品/药水,药水,收藏品药水,,非图纸,res://素材/豆包AI素材/药水/收藏品/灾厄收藏瓶/*,200,,,,,,,,"{""药水倾向"":[""任意"", 10,5,""奇异"", 50,8,],""药水数量"":[30, 5]}"
恐惧之瞳,5,500,Eye of Fear,一场直面未知威胁的故事，灵魂被凝视的本能战栗在终局定格，炼金术将这份恐慌封存于深紫小瓶，浑浊紫黑液体中随视角转动的瞳状结晶，是恐惧最直观的具象，荧光纹路残留威胁余韵。,A tale of facing unknown threats. Instinctive terror of being watched by the soul frozen at the end. Alchemy seals this panic in a deep purple vial. Pupil-shaped crystals in murky purple-black liquid that shift with perspective are the visual embodiment of fear. Fluorescent patterns hold residual threat.,灾厄/收藏品/药水,药水,收藏品药水,,非图纸,res://素材/豆包AI素材/药水/收藏品/灾厄收藏瓶/*,200,,,,,,,,"{""药水倾向"":[""任意"", 10,5,""奇异"", 50,8,],""药水数量"":[30, 5]}"
迷茫之沼,5,500,Bog of Confusion,一场困于人生路口的故事，无数自我怀疑交织成彷徨泥沼，短时间内便走向终局，炼金术将这份迷茫收进灰绿浑浊瓶，粘稠液体中的旋转漩涡与瓶底残渣，是彷徨沉淀的痕迹。,A tale of being trapped at life's crossroads. Countless self-doubts weave a bog of hesitation. Alchemy contains this confusion in a gray-green murky bottle. Swirling vortex in viscous liquid and bottle-bottom residue are traces of settled hesitation.,灾厄/收藏品/药水,药水,收藏品药水,,非图纸,res://素材/豆包AI素材/药水/收藏品/灾厄收藏瓶/*,200,,,,,,,,"{""药水倾向"":[""任意"", 10,5,""奇异"", 50,8,],""药水数量"":[30, 5]}"
思念之蚀,5,500,Erosion of Yearning,一场相见无期的故事，跨越时空的牵挂与痛感在终局爆发，炼金术将这份执念凝为暗红粘稠液体，封印于暗红瓶内，液体腐蚀瓶壁的痕迹，是无法传递的焦灼与痛苦。,A tale of endless separation. Time-spanning longing and pain erupt at the end. Alchemy condenses this obsession into dark red viscous liquid sealed in a crimson bottle. Corrosion marks on the bottle show unspoken anxiety and suffering.,灾厄/收藏品/药水,药水,收藏品药水,,非图纸,res://素材/豆包AI素材/药水/收藏品/灾厄收藏瓶/*,200,,,,,,,,"{""药水倾向"":[""任意"", 10,5,""奇异"", 50,8,],""药水数量"":[30, 5]}"
偏执之链,5,500,Chain of Paranoia,一场被单一念头困住的故事，钻牛角尖的执念痛苦在终局凝结，炼金术将这份精神枷锁封入黑色金属瓶，瓶内丝状物质缠绕成的密网，恰似束缚灵魂的锁链，转动瓶盖的刺耳声响是偏执的回响。,A tale of being trapped by a single thought. Obsessive pain of stubbornness condenses at the end. Alchemy seals this mental chain in a black metal bottle. Silk-like material woven into a tight net inside resembles soul-binding chains. Harsh cap-turning sound echoes paranoia.,灾厄/收藏品/药水,药水,收藏品药水,,非图纸,res://素材/豆包AI素材/药水/收藏品/灾厄收藏瓶/*,200,,,,,,,,"{""药水倾向"":[""任意"", 10,5,""奇异"", 50,8,],""药水数量"":[30, 5]}"
酷刑之痕,5,500,Mark of Torture,一场极致肉体折磨的故事，神经被反复摧残的痛感碎片在终局留存，炼金术将这份印记凝为带血灰粉，封存于锈迹金属瓶内，粉末中的金属碎屑，是酷刑留下的永久伤痕。,A tale of extreme physical torture. Pain fragments of repeated nerve damage remain at the end. Alchemy condenses this mark into blood-stained gray powder sealed in a rusted metal bottle. Metal shards in powder are permanent torture scars.,灾厄/收藏品/药水,药水,收藏品药水,,非图纸,res://素材/豆包AI素材/药水/收藏品/灾厄收藏瓶/*,200,,,,,,,,"{""药水倾向"":[""任意"", 10,5,""奇异"", 50,8,],""药水数量"":[30, 5]}"
哀伤之泪,5,500,Tear of Sorrow,一场失去珍视之物的故事，绵长哀伤与苦涩泪水在短瞬凝结，炼金术将这份情绪封入泛蓝光的透明瓶，粘稠液体中的冰晶与瓶壁泪痕状印记，是无法消散的哀伤证明。,A tale of losing something precious. Lingering sorrow and bitter tears condense instantly. Alchemy seals this emotion in a glowing blue transparent bottle. Ice crystals in viscous liquid and teardrop marks on the bottle prove inescapable sorrow.,灾厄/收藏品/药水,药水,收藏品药水,,非图纸,res://素材/豆包AI素材/药水/收藏品/灾厄收藏瓶/*,200,,,,,,,,"{""药水倾向"":[""任意"", 10,5,""奇异"", 50,8,],""药水数量"":[30, 5]}"
狂乱之絮,5,500,Fluff of Frenzy,一场精神濒临崩溃的故事，思绪破碎的混乱痛苦在终局达到顶峰，炼金术将这份情绪碎片封入透明瓶，黑白交织的絮状物时而凝聚时而散开，恰似无序思绪，瓶身裂纹是崩溃的具象。,A tale of mental collapse. Chaotic pain of shattered thoughts peaks at the end. Alchemy seals these emotion fragments in a transparent bottle. Black-and-white flocs that gather and disperse resemble disordered thoughts. Bottle cracks embody collapse.,灾厄/收藏品/药水,药水,收藏品药水,,非图纸,res://素材/豆包AI素材/药水/收藏品/灾厄收藏瓶/*,200,,,,,,,,"{""药水倾向"":[""任意"", 10,5,""奇异"", 50,8,],""药水数量"":[30, 5]}"
失落之尘,5,500,Dust of Loss,一场努力落空的故事，希望破灭后的怅然与虚无在短瞬沉淀，炼金术将这份失落收进灰白玻璃瓶，瓶内粉末自然凹陷的坑洞，恰似希望崩塌后的空洞，虫蛀木盖见证失落蔓延。,A tale of failed efforts. Emptiness and nothingness after shattered hope settle quickly. Alchemy contains this loss in a gray-white glass bottle. Natural sunken holes in powder mirror hollowed hope. Insect-eaten wooden cap witnesses spreading loss.,灾厄/收藏品/药水,药水,收藏品药水,,非图纸,res://素材/豆包AI素材/药水/收藏品/灾厄收藏瓶/*,200,,,,,,,,"{""药水倾向"":[""任意"", 10,5,""奇异"", 50,8,],""药水数量"":[30, 5]}"
凝水静渊瓶,1,500,Still Water Abyss Vial,水元素意外达成完美平衡，化作绝对静止的澄澈液态，倒置不洒、无波无澜。透明圆瓶与蓝色磨砂盖封存这份静美，打开便打破平衡，成为不可复制的收藏珍品。,"Water element reaches perfect balance as absolutely still clear liquid, no spill or ripple when inverted. Transparent round bottle with blue frosted cap preserves this serenity. Opening breaks balance, making it an irreplicable collectible.",元素/收藏品/药水,药水,收藏品药水,,非图纸,res://素材/豆包AI素材/药水/收藏品/元素收藏瓶/*,200,,,,,,,,"{""药水倾向"":[""任意"", 10,5,""奇异"", 50,8,],""药水数量"":[30, 5]}"
翠芽恒生瓶,1,500,Green Sprout Eternity Vial,草元素在凝胶中凝定平衡，微型青草永葆鲜绿、不生不枯。方形瓶与木质草纹盖锁住这份永恒生机，意外造就的稳定态，让其成为极具收藏价值的自然奇观。,"Grass element stabilizes in gel; tiny grass stays forever green, neither growing nor withering. Square bottle with wooden grass-patterned cap locks eternal vitality. Accidental stable state makes it a valuable natural curiosity.",元素/收藏品/药水,药水,收藏品药水,,非图纸,res://素材/豆包AI素材/药水/收藏品/元素收藏瓶/*,200,,,,,,,,"{""药水倾向"":[""任意"", 10,5,""奇异"", 50,8,],""药水数量"":[30, 5]}"
炽焰定燃瓶,1,500,Blazing Flame Vial,火元素挣脱躁动本性，达成无晃无烟的稳定燃烧态，热量被尽数禁锢。暗红瓶身与火焰纹路定格这份炽烈平衡，开瓶即失稳，是见证元素奇观的收藏孤品。,"Fire element breaks restlessness to achieve stable smokeless burning, heat fully contained. Dark red bottle with flame patterns freezes this balanced blaze. Opening destabilizes it, a unique elemental curiosity collectible.",元素/收藏品/药水,药水,收藏品药水,,非图纸,res://素材/豆包AI素材/药水/收藏品/元素收藏瓶/*,200,,,,,,,,"{""药水倾向"":[""任意"", 10,5,""奇异"", 50,8,],""药水数量"":[30, 5]}"
流风驻息瓶,1,500,Wind Current Vial,风元素凝为固态气团，静止悬浮于细长瓶中，摇晃不挪。银色风纹盖封存这份时间静止般的平衡，开瓶时的轻嘶声，是平衡破碎的预告，收藏价值独特。,"Wind element condenses into solid air mass, suspended still in slim bottle, unmoved when shaken. Silver wind-patterned cap seals this time-frozen balance. Soft hiss on opening signals balance collapse, highly collectible.",元素/收藏品/药水,药水,收藏品药水,,非图纸,res://素材/豆包AI素材/药水/收藏品/元素收藏瓶/*,200,,,,,,,,"{""药水倾向"":[""任意"", 10,5,""奇异"", 50,8,],""药水数量"":[30, 5]}"
雷弧凝晶瓶,1,500,Lightning Arc Crystal Vial,雷元素褪去狂暴，凝固成淡紫树枝状结晶，无电无扰、紫光微闪。绝缘涂层瓶与闪电凹槽盖锁住这份冷峻平衡，意外的稳定态使其成为珍稀收藏。,"Lightning element calms from fury into pale purple branch-like crystals, glow faintly without disturbance. Insulated coated bottle with lightning-groove cap locks this cold balance. Accidental stability makes it a rare collectible.",元素/收藏品/药水,药水,收藏品药水,,非图纸,res://素材/豆包AI素材/药水/收藏品/元素收藏瓶/*,200,,,,,,,,"{""药水倾向"":[""任意"", 10,5,""奇异"", 50,8,],""药水数量"":[30, 5]}"
磐石稳态瓶,1,500,Rock Steady Vial,土元素聚为正方体岩石，密度均匀、摇晃不撞壁，无风化无磨损。厚重玻璃瓶与防滑金属盖封存这份沉稳平衡，意外造就的绝对稳定，是收藏界的质感珍品。,"Earth element forms uniform-density cubic rock, no collision or wear when shaken. Thick glass bottle with non-slip metal cap preserves this steady balance. Accidental perfect stability makes it a premium textured collectible.",元素/收藏品/药水,药水,收藏品药水,,非图纸,res://素材/豆包AI素材/药水/收藏品/元素收藏瓶/*,200,,,,,,,,"{""药水倾向"":[""任意"", 10,5,""奇异"", 50,8,],""药水数量"":[30, 5]}"
玄冰永冻瓶,1,500,Mystic Ice Freeze Vial,冰元素凝为完美六边形冰晶，恒定低温却不冻伤瓶身、不融不结霜。防霜涂层瓶与金属盖锁住这份通透平衡，七彩折射下的稳定态，是极具美感的收藏佳物。,"Ice element condenses into perfect hexagonal crystal, constant low temperature without freezing bottle or frosting. Anti-frost coated bottle with metal cap locks this transparent balance. Stable state with colorful refraction makes it an aesthetic collectible.",元素/收藏品/药水,药水,收藏品药水,,非图纸,res://素材/豆包AI素材/药水/收藏品/元素收藏瓶/*,200,,,,,,,,"{""药水倾向"":[""任意"", 10,5,""奇异"", 50,8,],""药水数量"":[30, 5]}"
炽焰维度传送液,5,3000,Blazing Dimension Transference Fluid,激活熔岩裂变型副本，橙红岩浆状液体内含熔岩晶体，摇晃现金色火纹漩涡。,"Activates Lava Fissure instance. Orange-red magma-like liquid with lava crystals, reveals golden fire vortex when shaken.",维度传送液/药水,药水,维度药水,,非图纸,res://素材/豆包AI素材/药水/*,500,,,,,,,,"{""药水倾向"":[""任意"", 0,3,""洞察"", 30,5,""勇气"",50,6],""药水数量"":[25, 7]}"
幽林维度传送液,5,3000,Shadow Forest Dimension Transference Fluid,激活密林畸变型副本，墨绿色浆液含发光孢子，静置释放淡绿雾气，沾荧光苔藓。,"Activates Twisted Forest instance. Dark green slurry with glowing spores, releases pale green mist when still, stained with fluorescent moss.",维度传送液/药水,药水,维度药水,,非图纸,res://素材/豆包AI素材/药水/*,500,,,,,,,,"{""药水倾向"":[""任意"", 0,3,""洞察"", 50,11],""药水数量"":[25, 7]}"
凛冬维度传送液,5,3000,Winter Dimension Transference Fluid,激活冰封破碎型副本，淡蓝色液体内含冰晶，瓶壁凝薄冰，摇晃有冰晶碰撞声。,"Activates Frozen Wasteland instance. Pale blue liquid with ice crystals, thin ice forms on bottle wall, ice clinking sound when shaken.",维度传送液/药水,药水,维度药水,,非图纸,res://素材/豆包AI素材/药水/*,500,,,,,,,,"{""药水倾向"":[""任意"", 0,3,""洞察"", 30,5,""奇异"",50,6],""药水数量"":[25, 7]}"
荒漠维度传送液,5,3000,Desert Dimension Transference Fluid,激活沙暴侵蚀型副本，土黄色浑浊液混沙砾，摇晃形成沙暴漩涡，瓶壁留沙痕。,"Activates Sandstorm instance. Yellow murky liquid mixed with gravel, forms sand vortex when shaken, sand marks left on bottle.",维度传送液/药水,药水,维度药水,,非图纸,res://素材/豆包AI素材/药水/*,500,,,,,,,,"{""药水倾向"":[""任意"", 0,3,""洞察"", 30,5,""复苏"",50,6],""药水数量"":[25, 7]}"
虚空维度传送液,5,3000,Void Dimension Transference Fluid,激活星际破碎型副本，深紫色液体内含星尘，静置成星系，摇晃现星云漩涡。,"Activates Void Rift instance. Deep purple liquid with stardust, forms galaxy when still, nebula vortex when shaken.",维度传送液/药水,药水,维度药水,,非图纸,res://素材/豆包AI素材/药水/*,500,,,,,,,,"{""药水倾向"":[""任意"", 0,3,""洞察"", 30,5,""奇异"",50,6],""药水数量"":[25, 7]}"
机械维度传送液,5,3000,Mechanical Dimension Transference Fluid,激活机械失控型副本，银灰色液含齿轮虚影，摇晃发声，瓶壁印机械齿轮。,"Activates Mechanism Rampage instance. Silver-gray liquid with gear phantoms, makes sound when shaken, mechanical gears printed on bottle.",维度传送液/药水,药水,维度药水,,非图纸,res://素材/豆包AI素材/药水/*,500,,,,,,,,"{""药水倾向"":[""任意"", 0,3,""洞察"", 30,5,""齿轮"",50,6],""药水数量"":[25, 7]}"
深渊维度传送液,5,3000,Abyss Dimension Transference Fluid,激活深渊腐蚀型副本，墨黑液含紫色腐蚀纹，静置成漩涡，瓶壁沾黑色粘稠污渍。,"Activates Abyss Corruption instance. Inky black liquid with purple corruption patterns, forms vortex when still, black sticky stain on bottle.",维度传送液/药水,药水,维度药水,,非图纸,res://素材/豆包AI素材/药水/*,500,,,,,,,,"{""药水倾向"":[""任意"", 0,3,""洞察"", 30,5,""创造"",50,6],""药水数量"":[25, 7]}"
幻境维度传送液,5,3000,Fantasy Dimension Transference Fluid,激活幻境迷踪型副本，七彩渐变液含微型棱镜，摇晃折射彩光，瓶壁现场景虚影。,"Activates Illusion Maze instance. Colorful gradient liquid with tiny prisms, refracts colored light when shaken, scene phantoms on bottle.",维度传送液/药水,药水,失败药水,,非图纸,res://素材/豆包AI素材/药水/*,500,,,,,,,,"{""药水倾向"":[""任意"", 0,3,""洞察"", 30,5,""勇气"",50,6],""药水数量"":[25, 7]}"
焦黑残渣浊液,0,10,Charred Residue Turbid Fluid,炼金加热过度的产物，黑褐浓稠液含大量灰黑残渣，口感苦涩，摇晃时泛出浑浊黑雾。,"Product of overheated alchemy. Black-brown thick liquid with massive gray-black residue, bitter taste, releases murky black fog when shaken.",失败品/药水/收藏品,药水,失败药水,,非图纸,res://素材/豆包AI素材/药水/*,500,,,,,,,,"{""药水倾向"":[""任意"", 0, 12, ""创造"", 50, -10]}"
灰白絮乱膏体,0,10,Gray White Chaotic Paste,材料配比失衡所致，灰白结块膏体粗糙多孔，接触皮肤易留难洗粉末，状貌杂乱。,"Result of unbalanced material ratio. Gray-white clumpy paste, rough and porous, leaves hard-wash powder on skin.",失败品/药水/收藏品,药水,失败药水,,非图纸,res://素材/豆包AI素材/药水/*,500,,,,,,,,"{""药水倾向"":[""任意"", 0, 12, ""复苏"", 50, -10]}"
墨色泡沫废液,0,10,Ink Foam Waste Fluid,材料反应失控的结果，墨黑浊液浮满易破泡沫，接触皮肤暂留黑痕，转瞬即逝。,"Result of uncontrolled material reaction. Inky black turbid liquid covered in fragile foam, leaves temporary black mark on skin.",失败品/药水/收藏品,药水,失败药水,,非图纸,res://素材/豆包AI素材/药水/*,500,,,,,,,,"{""药水倾向"":[""任意"", 0, 12, ""奇异"", 50, -10]}"
铅灰粘稠浆液,0,10,Lead Gray Thick Slurry,遗漏提纯步骤的产物，铅灰色浆液粘稠难咽，残留口腔留灰痕，渗漏易粘连瓶盖。,"Product of skipped purification step. Lead-gray slurry, thick and hard to swallow, leaves gray trace in mouth, sticks to cap when leaked.",失败品/药水/收藏品,药水,失败药水,,非图纸,res://素材/豆包AI素材/药水/*,500,,,,,,,,"{""药水倾向"":[""任意"", 0, 12, ""勇气"", 50, -10]}"
苍白浑浊雾液,0,10,Pale Cloudy Mist Fluid,附魔环节失败所得，苍白液体内含雾粒，开盖释放白雾，无其余别样影响。,"Result of failed enchanting. Pale liquid with mist particles, releases white fog on opening, no other effects.",失败品/药水/收藏品,药水,失败药水,,非图纸,res://素材/豆包AI素材/药水/*,500,,,,,,,,"{""药水倾向"":[""任意"", 0, 12, ""洞察"", 50, -10]}"
炭黑结块粉末,0,10,Charred Caked Powder,研磨工艺粗糙造成，炭黑粉末结块严重，自带焦苦味，易沾染皮肤且难清洗。,"Caused by rough grinding. Charcoal-black powder heavily clumped, burnt bitter taste, sticks to skin and hard to clean.",失败品/药水/收藏品,药水,失败药水,,非图纸,res://素材/豆包AI素材/药水/*,500,,,,,,,,"{""药水倾向"":[""任意"", 0, 12, ""齿轮"", 50, -10]}"
暗沉龟裂结晶,0,10,Dark Cracked Crystal,冷却工艺失当造就，暗灰结晶布满龟裂纹，触摸仅感微刺，静置偶有碎屑脱落。,"Caused by improper cooling. Dark gray crystal full of cracks, slightly prickly to touch, occasional crumbs fall when still.",失败品/药水/收藏品,药水,失败药水,,非图纸,res://素材/豆包AI素材/药水/*,500,,,,,,,,"{""药水倾向"":[""任意"", 0, 12, ""创造"",100, -5, ""勇气"", 100, -5]}"
灰黑分层废液,0,10,Gray Black Layered Waste Fluid,材料未融合的炼金产物，液分深浅两层，入口先苦后涩，摇晃后仍会快速分层。,"Alchemy product of unmixed materials. Liquid separates into dark and light layers, bitter then astringent on tongue, quickly re-separates after shaking.",失败品/药水/收藏品,药水,失败药水,,非图纸,res://素材/豆包AI素材/药水/*,500,,,,,,,,"{""药水倾向"":[""任意"", 0, 12, ""奇异"", 100, -5, ""洞察"", 100, -5]}"
漏洞废弃液,0,-10,Glitch Waste Fluid,修复过程中意外留存的特殊存在，赛博朋克错误化瓢虫，静置于灰色封印溶液中。,Special existence preserved accidentally during repair. Cyberpunk-glitched ladybug resting in gray sealing solution.,失败品/药水/收藏品,药水,失败药水,,非图纸,res://素材/豆包AI素材/药水/*,500,,,,,,,,"{""药水倾向"":[""任意"", 0, 5, ""复苏"", 100, -2, ""齿轮"", 100, -2]}"
橙色小瓶颜料,1,20,Orange Small Paint Bottle,最基础的蓝图绘制道具，稀有度极低，适配简单蓝图的基础线条勾勒。,"Basic blueprint drawing tool, very low rarity, for outlining simple blueprints.",颜料/药水/收藏品,药水,颜料药水,,非图纸,res://素材/游戏素材/药水包/*,500,,,,,,,,"{""药水倾向"":[""颜料瓶"", 0, 5]}"
橙色颜料,5,100,Orange Paint,进阶基础款，稀有度略高于小瓶，能丰富蓝图的基础元素呈现效果。,"Upgraded basic version, slightly higher rarity than small bottle, enhances basic element presentation for blueprints.",颜料/药水/收藏品,药水,颜料药水,,非图纸,res://素材/游戏素材/药水包/*,500,,,,,,,,"{""药水倾向"":[""颜料瓶"", 0, 5]}"
橙色大瓶颜料,10,1000,Orange Large Paint Bottle,稀有度中等，需特定资源合成，容量与效果双升级，可支撑中篇幅蓝图的内容绘制。,"Medium rarity, craftable with specific materials, upgraded capacity and effect, supports medium-length blueprint drawing.",颜料/药水/收藏品,药水,颜料药水,,非图纸,res://素材/游戏素材/药水包/*,500,,,,,,,,"{""药水倾向"":[""颜料瓶"", 0, 5]}"
橙色高级颜料,15,5000,Orange Premium Paint,稀有度较高，能大幅提升蓝图的细节精度与元素还原度。,"High rarity, greatly improves blueprint detail accuracy and element restoration.",颜料/药水/收藏品,药水,颜料药水,,非图纸,res://素材/游戏素材/药水包/*,500,,,,,,,,"{""药水倾向"":[""颜料瓶"", 0, 5]}"
橙色颜料桶,20,40000,Orange Paint Bucket,顶级绘制道具，非常稀有，可支撑超复杂高精度蓝图的绘制。,"Top-tier drawing tool, very rare, supports ultra-complex high-precision blueprint drawing.",颜料/药水/收藏品,药水,颜料药水,,非图纸,res://素材/游戏素材/药水包/*,500,,,,,,,,"{""药水倾向"":[""颜料瓶"", 0, 5]}"
粉红小瓶颜料,1,20,Pink Small Paint Bottle,最基础的蓝图绘制道具，稀有度极低，适配简单蓝图的基础线条勾勒。,"Basic blueprint drawing tool, very low rarity, for outlining simple blueprints.",颜料/药水/收藏品,药水,颜料药水,,非图纸,res://素材/游戏素材/药水包/*,500,,,,,,,,"{""药水倾向"":[""颜料瓶"", 0, 5]}"
粉红颜料,5,100,Pink Paint,进阶基础款，稀有度略高于小瓶，能丰富蓝图的基础元素呈现效果。,"Upgraded basic version, slightly higher rarity than small bottle, enhances basic element presentation for blueprints.",颜料/药水/收藏品,药水,颜料药水,,非图纸,res://素材/游戏素材/药水包/*,500,,,,,,,,"{""药水倾向"":[""颜料瓶"", 0, 5]}"
粉红大瓶颜料,10,1000,Pink Large Paint Bottle,稀有度中等，需特定资源合成，容量与效果双升级，可支撑中篇幅蓝图的内容绘制。,"Medium rarity, craftable with specific materials, upgraded capacity and effect, supports medium-length blueprint drawing.",颜料/药水/收藏品,药水,颜料药水,,非图纸,res://素材/游戏素材/药水包/*,500,,,,,,,,"{""药水倾向"":[""颜料瓶"", 0, 5]}"
粉红高级颜料,15,5000,Pink Premium Paint,稀有度较高，能大幅提升蓝图的细节精度与元素还原度。,"High rarity, greatly improves blueprint detail accuracy and element restoration.",颜料/药水/收藏品,药水,颜料药水,,非图纸,res://素材/游戏素材/药水包/*,500,,,,,,,,"{""药水倾向"":[""颜料瓶"", 0, 5]}"
粉红颜料桶,20,40000,Pink Paint Bucket,顶级绘制道具，非常稀有，可支撑超复杂高精度蓝图的绘制。,"Top-tier drawing tool, very rare, supports ultra-complex high-precision blueprint drawing.",颜料/药水/收藏品,药水,颜料药水,,非图纸,res://素材/游戏素材/药水包/*,500,,,,,,,,"{""药水倾向"":[""颜料瓶"", 0, 5]}"
黑色小瓶颜料,1,20,Black Small Paint Bottle,最基础的蓝图绘制道具，稀有度极低，适配简单蓝图的基础线条勾勒。,"Basic blueprint drawing tool, very low rarity, for outlining simple blueprints.",颜料/药水/收藏品,药水,颜料药水,,非图纸,res://素材/游戏素材/药水包/*,500,,,,,,,,"{""药水倾向"":[""颜料瓶"", 0, 5]}"
黑色颜料,5,100,Black Paint,进阶基础款，稀有度略高于小瓶，能丰富蓝图的基础元素呈现效果。,"Upgraded basic version, slightly higher rarity than small bottle, enhances basic element presentation for blueprints.",颜料/药水/收藏品,药水,颜料药水,,非图纸,res://素材/游戏素材/药水包/*,500,,,,,,,,"{""药水倾向"":[""颜料瓶"", 0, 5]}"
黑色大瓶颜料,10,1000,Black Large Paint Bottle,稀有度中等，需特定资源合成，容量与效果双升级，可支撑中篇幅蓝图的内容绘制。,"Medium rarity, craftable with specific materials, upgraded capacity and effect, supports medium-length blueprint drawing.",颜料/药水/收藏品,药水,颜料药水,,非图纸,res://素材/游戏素材/药水包/*,500,,,,,,,,"{""药水倾向"":[""颜料瓶"", 0, 5]}"
黑色高级颜料,15,5000,Black Premium Paint,稀有度较高，能大幅提升蓝图的细节精度与元素还原度。,"High rarity, greatly improves blueprint detail accuracy and element restoration.",颜料/药水/收藏品,药水,颜料药水,,非图纸,res://素材/游戏素材/药水包/*,500,,,,,,,,"{""药水倾向"":[""颜料瓶"", 0, 5]}"
黑色颜料桶,20,40000,Black Paint Bucket,顶级绘制道具，非常稀有，可支撑超复杂高精度蓝图的绘制。,"Top-tier drawing tool, very rare, supports ultra-complex high-precision blueprint drawing.",颜料/药水/收藏品,药水,颜料药水,,非图纸,res://素材/游戏素材/药水包/*,500,,,,,,,,"{""药水倾向"":[""颜料瓶"", 0, 5]}"
红色小瓶颜料,1,20,Red Small Paint Bottle,最基础的蓝图绘制道具，稀有度极低，适配简单蓝图的基础线条勾勒。,"Basic blueprint drawing tool, very low rarity, for outlining simple blueprints.",颜料/药水/收藏品,药水,颜料药水,,非图纸,res://素材/游戏素材/药水包/*,500,,,,,,,,"{""药水倾向"":[""颜料瓶"", 0, 5]}"
红色颜料,5,100,Red Paint,进阶基础款，稀有度略高于小瓶，能丰富蓝图的基础元素呈现效果。,"Upgraded basic version, slightly higher rarity than small bottle, enhances basic element presentation for blueprints.",颜料/药水/收藏品,药水,颜料药水,,非图纸,res://素材/游戏素材/药水包/*,500,,,,,,,,"{""药水倾向"":[""颜料瓶"", 0, 5]}"
红色大瓶颜料,10,1000,Red Large Paint Bottle,稀有度中等，需特定资源合成，容量与效果双升级，可支撑中篇幅蓝图的内容绘制。,"Medium rarity, craftable with specific materials, upgraded capacity and effect, supports medium-length blueprint drawing.",颜料/药水/收藏品,药水,颜料药水,,非图纸,res://素材/游戏素材/药水包/*,500,,,,,,,,"{""药水倾向"":[""颜料瓶"", 0, 5]}"
红色高级颜料,15,5000,Red Premium Paint,稀有度较高，能大幅提升蓝图的细节精度与元素还原度。,"High rarity, greatly improves blueprint detail accuracy and element restoration.",颜料/药水/收藏品,药水,颜料药水,,非图纸,res://素材/游戏素材/药水包/*,500,,,,,,,,"{""药水倾向"":[""颜料瓶"", 0, 5]}"
红色颜料桶,20,40000,Red Paint Bucket,顶级绘制道具，非常稀有，可支撑超复杂高精度蓝图的绘制。,"Top-tier drawing tool, very rare, supports ultra-complex high-precision blueprint drawing.",颜料/药水/收藏品,药水,颜料药水,,非图纸,res://素材/游戏素材/药水包/*,500,,,,,,,,"{""药水倾向"":[""颜料瓶"", 0, 5]}"
黄色小瓶颜料,1,20,Yellow Small Paint Bottle,最基础的蓝图绘制道具，稀有度极低，适配简单蓝图的基础线条勾勒。,"Basic blueprint drawing tool, very low rarity, for outlining simple blueprints.",颜料/药水/收藏品,药水,颜料药水,,非图纸,res://素材/游戏素材/药水包/*,500,,,,,,,,"{""药水倾向"":[""颜料瓶"", 0, 5]}"
黄色颜料,5,100,Yellow Paint,进阶基础款，稀有度略高于小瓶，能丰富蓝图的基础元素呈现效果。,"Upgraded basic version, slightly higher rarity than small bottle, enhances basic element presentation for blueprints.",颜料/药水/收藏品,药水,颜料药水,,非图纸,res://素材/游戏素材/药水包/*,500,,,,,,,,"{""药水倾向"":[""颜料瓶"", 0, 5]}"
黄色大瓶颜料,10,1000,Yellow Large Paint Bottle,稀有度中等，需特定资源合成，容量与效果双升级，可支撑中篇幅蓝图的内容绘制。,"Medium rarity, craftable with specific materials, upgraded capacity and effect, supports medium-length blueprint drawing.",颜料/药水/收藏品,药水,颜料药水,,非图纸,res://素材/游戏素材/药水包/*,500,,,,,,,,"{""药水倾向"":[""颜料瓶"", 0, 5]}"
黄色颜料,15,5000,Yellow Premium Paint,稀有度较高，能大幅提升蓝图的细节精度与元素还原度。,"High rarity, greatly improves blueprint detail accuracy and element restoration.",颜料/药水/收藏品,药水,颜料药水,,非图纸,res://素材/游戏素材/药水包/*,500,,,,,,,,"{""药水倾向"":[""颜料瓶"", 0, 5]}"
黄色颜料桶,20,40000,Yellow Paint Bucket,顶级绘制道具，非常稀有，可支撑超复杂高精度蓝图的绘制。,"Top-tier drawing tool, very rare, supports ultra-complex high-precision blueprint drawing.",颜料/药水/收藏品,药水,颜料药水,,非图纸,res://素材/游戏素材/药水包/*,500,,,,,,,,"{""药水倾向"":[""颜料瓶"", 0, 5]}"
灰色小瓶颜料,1,20,Gray Small Paint Bottle,最基础的蓝图绘制道具，稀有度极低，适配简单蓝图的基础线条勾勒。,"Basic blueprint drawing tool, very low rarity, for outlining simple blueprints.",颜料/药水/收藏品,药水,颜料药水,,非图纸,res://素材/游戏素材/药水包/*,500,,,,,,,,"{""药水倾向"":[""颜料瓶"", 0, 5]}"
灰色颜料,5,100,Gray Paint,进阶基础款，稀有度略高于小瓶，能丰富蓝图的基础元素呈现效果。,"Upgraded basic version, slightly higher rarity than small bottle, enhances basic element presentation for blueprints.",颜料/药水/收藏品,药水,颜料药水,,非图纸,res://素材/游戏素材/药水包/*,500,,,,,,,,"{""药水倾向"":[""颜料瓶"", 0, 5]}"
灰色大瓶颜料,10,1000,Gray Large Paint Bottle,稀有度中等，需特定资源合成，容量与效果双升级，可支撑中篇幅蓝图的内容绘制。,"Medium rarity, craftable with specific materials, upgraded capacity and effect, supports medium-length blueprint drawing.",颜料/药水/收藏品,药水,颜料药水,,非图纸,res://素材/游戏素材/药水包/*,500,,,,,,,,"{""药水倾向"":[""颜料瓶"", 0, 5]}"
灰色高级颜料,15,5000,Gray Premium Paint,稀有度较高，能大幅提升蓝图的细节精度与元素还原度。,"High rarity, greatly improves blueprint detail accuracy and element restoration.",颜料/药水/收藏品,药水,颜料药水,,非图纸,res://素材/游戏素材/药水包/*,500,,,,,,,,"{""药水倾向"":[""颜料瓶"", 0, 5]}"
灰色颜料桶,20,40000,Gray Paint Bucket,顶级绘制道具，非常稀有，可支撑超复杂高精度蓝图的绘制。,"Top-tier drawing tool, very rare, supports ultra-complex high-precision blueprint drawing.",颜料/药水/收藏品,药水,颜料药水,,非图纸,res://素材/游戏素材/药水包/*,500,,,,,,,,"{""药水倾向"":[""颜料瓶"", 0, 5]}"
蓝色小瓶颜料,1,20,Blue Small Paint Bottle,最基础的蓝图绘制道具，稀有度极低，适配简单蓝图的基础线条勾勒。,"Basic blueprint drawing tool, very low rarity, for outlining simple blueprints.",颜料/药水/收藏品,药水,颜料药水,,非图纸,res://素材/游戏素材/药水包/*,500,,,,,,,,"{""药水倾向"":[""颜料瓶"", 0, 5]}"
蓝色颜料,5,100,Blue Paint,进阶基础款，稀有度略高于小瓶，能丰富蓝图的基础元素呈现效果。,"Upgraded basic version, slightly higher rarity than small bottle, enhances basic element presentation for blueprints.",颜料/药水/收藏品,药水,颜料药水,,非图纸,res://素材/游戏素材/药水包/*,500,,,,,,,,"{""药水倾向"":[""颜料瓶"", 0, 5]}"
蓝色大瓶颜料,10,1000,Blue Large Paint Bottle,稀有度中等，需特定资源合成，容量与效果双升级，可支撑中篇幅蓝图的内容绘制。,"Medium rarity, craftable with specific materials, upgraded capacity and effect, supports medium-length blueprint drawing.",颜料/药水/收藏品,药水,颜料药水,,非图纸,res://素材/游戏素材/药水包/*,500,,,,,,,,"{""药水倾向"":[""颜料瓶"", 0, 5]}"
蓝色高级颜料,15,5000,Blue Premium Paint,稀有度较高，能大幅提升蓝图的细节精度与元素还原度。,"High rarity, greatly improves blueprint detail accuracy and element restoration.",颜料/药水/收藏品,药水,颜料药水,,非图纸,res://素材/游戏素材/药水包/*,500,,,,,,,,"{""药水倾向"":[""颜料瓶"", 0, 5]}"
蓝色颜料桶,20,40000,Blue Paint Bucket,顶级绘制道具，非常稀有，可支撑超复杂高精度蓝图的绘制。,"Top-tier drawing tool, very rare, supports ultra-complex high-precision blueprint drawing.",颜料/药水/收藏品,药水,颜料药水,,非图纸,res://素材/游戏素材/药水包/*,500,,,,,,,,"{""药水倾向"":[""颜料瓶"", 0, 5]}"
绿色小瓶颜料,1,20,Green Small Paint Bottle,最基础的蓝图绘制道具，稀有度极低，适配简单蓝图的基础线条勾勒。,"Basic blueprint drawing tool, very low rarity, for outlining simple blueprints.",颜料/药水/收藏品,药水,颜料药水,,非图纸,res://素材/游戏素材/药水包/*,500,,,,,,,,"{""药水倾向"":[""颜料瓶"", 0, 5]}"
绿色颜料,5,100,Green Paint,进阶基础款，稀有度略高于小瓶，能丰富蓝图的基础元素呈现效果。,"Upgraded basic version, slightly higher rarity than small bottle, enhances basic element presentation for blueprints.",颜料/药水/收藏品,药水,颜料药水,,非图纸,res://素材/游戏素材/药水包/*,500,,,,,,,,"{""药水倾向"":[""颜料瓶"", 0, 5]}"
绿色大瓶颜料,10,1000,Green Large Paint Bottle,稀有度中等，需特定资源合成，容量与效果双升级，可支撑中篇幅蓝图的内容绘制。,"Medium rarity, craftable with specific materials, upgraded capacity and effect, supports medium-length blueprint drawing.",颜料/药水/收藏品,药水,颜料药水,,非图纸,res://素材/游戏素材/药水包/*,500,,,,,,,,"{""药水倾向"":[""颜料瓶"", 0, 5]}"
绿色高级颜料,15,5000,Green Premium Paint,稀有度较高，能大幅提升蓝图的细节精度与元素还原度。,"High rarity, greatly improves blueprint detail accuracy and element restoration.",颜料/药水/收藏品,药水,颜料药水,,非图纸,res://素材/游戏素材/药水包/*,500,,,,,,,,"{""药水倾向"":[""颜料瓶"", 0, 5]}"
绿色颜料桶,20,40000,Green Paint Bucket,顶级绘制道具，非常稀有，可支撑超复杂高精度蓝图的绘制。,"Top-tier drawing tool, very rare, supports ultra-complex high-precision blueprint drawing.",颜料/药水/收藏品,药水,颜料药水,,非图纸,res://素材/游戏素材/药水包/*,500,,,,,,,,"{""药水倾向"":[""颜料瓶"", 0, 5]}"
青色小瓶颜料,1,20,Cyan Small Paint Bottle,最基础的蓝图绘制道具，稀有度极低，适配简单蓝图的基础线条勾勒。,"Basic blueprint drawing tool, very low rarity, for outlining simple blueprints.",颜料/药水/收藏品,药水,颜料药水,,非图纸,res://素材/游戏素材/药水包/*,500,,,,,,,,"{""药水倾向"":[""颜料瓶"", 0, 5]}"
青色颜料,5,100,Cyan Paint,进阶基础款，稀有度略高于小瓶，能丰富蓝图的基础元素呈现效果。,"Upgraded basic version, slightly higher rarity than small bottle, enhances basic element presentation for blueprints.",颜料/药水/收藏品,药水,颜料药水,,非图纸,res://素材/游戏素材/药水包/*,500,,,,,,,,"{""药水倾向"":[""颜料瓶"", 0, 5]}"
青色大瓶颜料,10,1000,Cyan Large Paint Bottle,稀有度中等，需特定资源合成，容量与效果双升级，可支撑中篇幅蓝图的内容绘制。,"Medium rarity, craftable with specific materials, upgraded capacity and effect, supports medium-length blueprint drawing.",颜料/药水/收藏品,药水,颜料药水,,非图纸,res://素材/游戏素材/药水包/*,500,,,,,,,,"{""药水倾向"":[""颜料瓶"", 0, 5]}"
青色高级颜料,15,5000,Cyan Premium Paint,稀有度较高，能大幅提升蓝图的细节精度与元素还原度。,"High rarity, greatly improves blueprint detail accuracy and element restoration.",颜料/药水/收藏品,药水,颜料药水,,非图纸,res://素材/游戏素材/药水包/*,500,,,,,,,,"{""药水倾向"":[""颜料瓶"", 0, 5]}"
青色颜料桶,20,40000,Cyan Paint Bucket,顶级绘制道具，非常稀有，可支撑超复杂高精度蓝图的绘制。,"Top-tier drawing tool, very rare, supports ultra-complex high-precision blueprint drawing.",颜料/药水/收藏品,药水,颜料药水,,非图纸,res://素材/游戏素材/药水包/*,500,,,,,,,,"{""药水倾向"":[""颜料瓶"", 0, 5]}"
紫色小瓶颜料,1,20,Purple Small Paint Bottle,最基础的蓝图绘制道具，稀有度极低，适配简单蓝图的基础线条勾勒。,"Basic blueprint drawing tool, very low rarity, for outlining simple blueprints.",颜料/药水/收藏品,药水,颜料药水,,非图纸,res://素材/游戏素材/药水包/*,500,,,,,,,,"{""药水倾向"":[""颜料瓶"", 0, 5]}"
紫色颜料,5,100,Purple Paint,进阶基础款，稀有度略高于小瓶，能丰富蓝图的基础元素呈现效果。,"Upgraded basic version, slightly higher rarity than small bottle, enhances basic element presentation for blueprints.",颜料/药水/收藏品,药水,颜料药水,,非图纸,res://素材/游戏素材/药水包/*,500,,,,,,,,"{""药水倾向"":[""颜料瓶"", 0, 5]}"
紫色大瓶颜料,10,1000,Purple Large Paint Bottle,稀有度中等，需特定资源合成，容量与效果双升级，可支撑中篇幅蓝图的内容绘制。,"Medium rarity, craftable with specific materials, upgraded capacity and effect, supports medium-length blueprint drawing.",颜料/药水/收藏品,药水,颜料药水,,非图纸,res://素材/游戏素材/药水包/*,500,,,,,,,,"{""药水倾向"":[""颜料瓶"", 0, 5]}"
紫色高级颜料,15,5000,Purple Premium Paint,稀有度较高，能大幅提升蓝图的细节精度与元素还原度。,"High rarity, greatly improves blueprint detail accuracy and element restoration.",颜料/药水/收藏品,药水,颜料药水,,非图纸,res://素材/游戏素材/药水包/*,500,,,,,,,,"{""药水倾向"":[""颜料瓶"", 0, 5]}"
紫色颜料桶,20,40000,Purple Paint Bucket,顶级绘制道具，非常稀有，可支撑超复杂高精度蓝图的绘制。,"Top-tier drawing tool, very rare, supports ultra-complex high-precision blueprint drawing.",颜料/药水/收藏品,药水,颜料药水,,非图纸,res://素材/游戏素材/药水包/*,500,,,,,,,,"{""药水倾向"":[""颜料瓶"", 0, 5]}"
近战攻击,1,1000,Melee Attack,靠近然后发动一次攻击,Approach and launch a single attack.,技能,技能,,,非图纸,res://素材/像素/标准剑.png,100,,,,,,,,"{""技能类型"":""主动"",""强度值"":1,""冷却时间"":1,""子弹类型"":""近战攻击""}"
火球术,1,1000,Fireball,凝聚微弱火元素，发射一枚小火球，飞行速度中等，命中敌人造成少量火焰伤害，并添加点燃效果。,"Condenses weak fire element and fires a small fireball. Medium flight speed, deals minor Fire Damage to enemies on hit and applies Ignite.",技能,技能,火,法师,非图纸,res://素材/豆包AI素材/图标/技能/*,100,,,,,,,,"{""技能类型"":""主动"",""强度值"":1.2,""冷却时间"":2,""魔法消耗"":15,""子弹类型"":""远程攻击""}"
治愈术,1,1000,Heal,"凝聚微弱水元素，治疗自身或队友,并移除点燃效果。",Condenses weak water element to heal self or allies and remove Ignite.,技能,技能,水,法师,非图纸,res://素材/豆包AI素材/图标/技能/*,100,,,,,,,,
冰锥术,1,1000,Ice Lance,凝结一枚细小冰锥向前射出，命中造成少量冰属性伤害，穿透敌人并概率减速。,"Conjures a small ice lance and shoots forward. Deals minor Ice Damage on hit, penetrates enemies and has a chance to Slow.",技能,技能,冰,法师,非图纸,res://素材/豆包AI素材/图标/技能/*,100,,,,,,,,
岩甲术,1,1000,Rock Armor,召唤大地之力化作岩甲覆盖自身及队友，强化近战攻击能力.,"Summons earth power to form rock armor on self and allies, enhancing Melee Attack.",技能,技能,土,法师,非图纸,res://素材/豆包AI素材/图标/技能/*,100,,,,,,,,
召唤术,1,1000,Summon,召唤一株灵草，自动发射草系子弹攻击敌人，但存在期间会小幅降低自身魔法值上限.,"Summons a spirit grass that automatically fires Grass bullets at enemies, but slightly reduces maximum Mana while active.",技能,技能,草,法师,非图纸,res://素材/豆包AI素材/图标/技能/*,100,,,,,,,,
闪电术,1,1000,Lightning,引动雷电之力，一道惊雷劈向指定目标造成伤害，目标原位置会残留雷电能量，延迟一段时间后爆发无差别范围伤害,Channels lightning power to strike a target with thunder. Lightning energy remains at the original position and explodes for unselective AoE damage after a delay.,技能,技能,雷,法师,非图纸,res://素材/豆包AI素材/图标/技能/*,100,,,,,,,,
风刃术,1,1000,Wind Blade,凝聚风元素形成风刃，向前突进一段距离，持续击退路径上的怪物，可将分散的怪物聚拢重叠.,"Condenses wind element to form a wind blade, dashes forward a short distance, continuously knocks back monsters on path, can cluster scattered monsters.",技能,技能,风,法师,非图纸,res://素材/豆包AI素材/图标/技能/*,100,,,,,,,,
背包,0,1,Inventory,"非普通物品,是物品化的图标",Not a normal item; itemized icon.,,图标,,,非图纸,res://素材/豆包AI素材/图标/背包图标.png,2000,,,,,,,,
订单,0,1,Order,"非普通物品,是物品化的图标",Not a normal item; itemized icon.,,图标,,,非图纸,res://素材/豆包AI素材/图标/订单图标.png,2000,,,,,,,,
小游戏,0,1,Minigame,"非普通物品,是物品化的图标",Not a normal item; itemized icon.,,图标,,,非图纸,res://素材/豆包AI素材/图标/小游戏图标.png,2000,,,,,,,,
任务,0,1,Quest,"非普通物品,是物品化的图标",Not a normal item; itemized icon.,,图标,,,非图纸,res://素材/豆包AI素材/图标/任务图标.png,2000,,,,,,,,
原罪,0,1,Original Sin,"非普通物品,是物品化的图标",Not a normal item; itemized icon.,,图标,,,非图纸,res://素材/豆包AI素材/图标/原罪图标.png,2000,,,,,,,,
合成,0,1,Crafting,"非普通物品,是物品化的图标",Not a normal item; itemized icon.,,图标,,,非图纸,res://素材/豆包AI素材/图标/合成图标.png,2000,,,,,,,,
战斗,0,1,Battle,"非普通物品,是物品化的图标",Not a normal item; itemized icon.,,图标,,,非图纸,res://素材/豆包AI素材/图标/战斗图标.png,2000,,,,,,,,
订单提升,0,1,Order Boost,"非普通物品,是物品化的图标",Not a normal item; itemized icon.,,图标,,,非图纸,res://素材/豆包AI素材/图标/订单提升.png,2000,,,,,,,,
订单翻倍,0,1,Order Double,"非普通物品,是物品化的图标",Not a normal item; itemized icon.,,图标,,,非图纸,res://素材/豆包AI素材/图标/订单翻倍.png,2000,,,,,,,,
普通订单,0,1,Normal Order,"非普通物品,是物品化的图标",Not a normal item; itemized icon.,,图标,,,非图纸,res://素材/豆包AI素材/图标/普通订单.png,2000,,,,,,,,
残缺图纸,0,1,Broken Blueprint,"非普通物品,是物品化的图标",Not a normal item; itemized icon.,,图标,,,非图纸,res://素材/豆包AI素材/图标/残缺图纸.png,2000,,,,,,,,
抽奖机,0,1,Gacha Machine,"非普通物品,是物品化的图标",Not a normal item; itemized icon.,,图标,,,非图纸,res://素材/豆包AI素材/图标/抽奖机.png,2000,,,,,,,,
地球,0,1,Earth,"非普通物品,是物品化的图标",Not a normal item; itemized icon.,,图标,,,非图纸,res://素材/豆包AI素材/图标/地球.png,2000,,,,,,,,
傲慢,0,1,Pride,"非普通物品,是物品化的图标",Not a normal item; itemized icon.,,图标,,,非图纸,res://素材/自制/图标/傲慢.svg,2000,,,,,,,,
暴食,0,1,Gluttony,"非普通物品,是物品化的图标",Not a normal item; itemized icon.,,图标,,,非图纸,res://素材/自制/图标/暴食.svg,2000,,,,,,,,
贪婪,0,1,Greed,"非普通物品,是物品化的图标",Not a normal item; itemized icon.,,图标,,,非图纸,res://素材/自制/图标/贪婪.svg,2000,,,,,,,,
懒惰,0,1,Sloth,"非普通物品,是物品化的图标",Not a normal item; itemized icon.,,图标,,,非图纸,res://素材/自制/图标/懒惰.svg,2000,,,,,,,,
暴怒,0,1,Wrath,"非普通物品,是物品化的图标",Not a normal item; itemized icon.,,图标,,,非图纸,res://素材/自制/图标/暴怒.svg,2000,,,,,,,,
色欲,0,1,Lust,"非普通物品,是物品化的图标",Not a normal item; itemized icon.,,图标,,,非图纸,res://素材/自制/图标/色欲.svg,2000,,,,,,,,
嫉妒,0,1,Envy,"非普通物品,是物品化的图标",Not a normal item; itemized icon.,,图标,,,非图纸,res://素材/自制/图标/嫉妒.svg,2000,,,,,,,,
故事,0,1,Story,"非普通物品,是物品化的图标",Not a normal item; itemized icon.,,图标,,,非图纸,res://素材/豆包AI素材/图标/故事图标.png,2000,,,,,,,,
熟练,0,1,Skilled,"非普通物品,是物品化的图标",Not a normal item; itemized icon.,,图标,,,非图纸,res://素材/豆包AI素材/图标/熟练.png,2000,,,,,,,,
精通,0,1,Mastery,"非普通物品,是物品化的图标",Not a normal item; itemized icon.,,图标,,,非图纸,res://素材/豆包AI素材/图标/精通.png,2000,,,,,,,,
铁匠,0,1,Blacksmith,"非普通物品,是NPC",Not a normal item; NPC.,,图标,,,非图纸,res://素材/豆包AI素材/NPC/*,2000,,,,,,,,
猎人,0,1,Hunter,"非普通物品,是NPC",Not a normal item; NPC.,,图标,,,非图纸,res://素材/豆包AI素材/NPC/*,2000,,,,,,,,
杂货铺老板,0,1,General Store Owner,"非普通物品,是NPC",Not a normal item; NPC.,,图标,,,非图纸,res://素材/豆包AI素材/NPC/*,2000,,,,,,,,
老奶奶,0,1,Granny,"非普通物品,是NPC",Not a normal item; NPC.,,图标,,,非图纸,res://素材/豆包AI素材/NPC/*,2000,,,,,,,,
僵尸A,0,1,Zombie A,"非普通物品,是怪物",Not a normal item; Monster.,,图标,,,非图纸,res://素材/游戏素材/怪物/*,2000,,,,,,,,
僵尸B,0,1,Zombie B,"非普通物品,是怪物",Not a normal item; Monster.,,图标,,,非图纸,res://素材/游戏素材/怪物/*,2000,,,,,,,,
僵尸C,0,1,Zombie C,"非普通物品,是怪物",Not a normal item; Monster.,,图标,,,非图纸,res://素材/游戏素材/怪物/*,2000,,,,,,,,
骷髅A,0,1,Skeleton A,"非普通物品,是怪物",Not a normal item; Monster.,,图标,,,非图纸,res://素材/游戏素材/怪物/*,2000,,,,,,,,
骷髅B,0,1,Skeleton B,"非普通物品,是怪物",Not a normal item; Monster.,,图标,,,非图纸,res://素材/游戏素材/怪物/*,2000,,,,,,,,
骷髅C,0,1,Skeleton C,"非普通物品,是怪物",Not a normal item; Monster.,,图标,,,非图纸,res://素材/游戏素材/怪物/*,2000,,,,,,,,
骷髅D,0,1,Skeleton D,"非普通物品,是怪物",Not a normal item; Monster.,,图标,,,非图纸,res://素材/游戏素材/怪物/*,2000,,,,,,,,
骷髅鬼,1,2,Skeleton Ghost,"非普通物品,是怪物",Not a normal item; Monster.,,图标,,,非图纸,res://素材/游戏素材/怪物/*,2000,,,,,,,,
恶鬼人,2,3,Evil Spirit Man,"非普通物品,是怪物",Not a normal item; Monster.,,图标,,,非图纸,res://素材/游戏素材/怪物/*,2000,,,,,,,,
幽灵人,3,4,Ghost Man,"非普通物品,是怪物",Not a normal item; Monster.,,图标,,,非图纸,res://素材/游戏素材/怪物/*,2000,,,,,,,,